/*
SQLyog Ultimate v11.3 (64 bit)
MySQL - 10.1.37-MariaDB : Database - dev_bhiva
*********************************************************************
*/

/*!40101 SET NAMES utf8 */;

/*!40101 SET SQL_MODE=''*/;

/*!40014 SET @OLD_UNIQUE_CHECKS=@@UNIQUE_CHECKS, UNIQUE_CHECKS=0 */;
/*!40014 SET @OLD_FOREIGN_KEY_CHECKS=@@FOREIGN_KEY_CHECKS, FOREIGN_KEY_CHECKS=0 */;
/*!40101 SET @OLD_SQL_MODE=@@SQL_MODE, SQL_MODE='NO_AUTO_VALUE_ON_ZERO' */;
/*!40111 SET @OLD_SQL_NOTES=@@SQL_NOTES, SQL_NOTES=0 */;
CREATE DATABASE /*!32312 IF NOT EXISTS*/`dev_bhiva` /*!40100 DEFAULT CHARACTER SET latin1 */;

USE `dev_bhiva`;

/*Table structure for table `_cms_infocontact_emp` */

DROP TABLE IF EXISTS `_cms_infocontact_emp`;

CREATE TABLE `_cms_infocontact_emp` (
  `infocontactemp_id` bigint(20) NOT NULL,
  `infocontactemp_infocontact_id` tinyint(1) DEFAULT NULL,
  `infocontactemp_name` varchar(250) DEFAULT NULL,
  `infocontactemp_as` varchar(250) DEFAULT NULL,
  `infocontactemp_img` text,
  `infocontactemp_order` int(11) DEFAULT NULL,
  `infocontactemp_status` tinyint(1) DEFAULT NULL COMMENT '0=not active, 1=active',
  `insert_user_id` bigint(20) DEFAULT NULL,
  `insert_datetime` datetime DEFAULT NULL,
  `update_user_id` bigint(20) DEFAULT NULL,
  `update_datetime` datetime DEFAULT NULL,
  PRIMARY KEY (`infocontactemp_id`),
  KEY `infocontactemp_infocontact_id` (`infocontactemp_infocontact_id`),
  CONSTRAINT `_cms_infocontact_emp_ibfk_1` FOREIGN KEY (`infocontactemp_infocontact_id`) REFERENCES `cms_contact` (`contact_id`) ON DELETE CASCADE ON UPDATE CASCADE
) ENGINE=InnoDB DEFAULT CHARSET=latin1;

/*Data for the table `_cms_infocontact_emp` */

/*Table structure for table `cms_contact` */

DROP TABLE IF EXISTS `cms_contact`;

CREATE TABLE `cms_contact` (
  `contact_id` tinyint(1) NOT NULL AUTO_INCREMENT COMMENT 'id harus selalu 1',
  `contact_address` text,
  `contact_email` varchar(250) DEFAULT NULL,
  `contact_phone` varchar(16) DEFAULT NULL,
  `contact_wa` varchar(16) DEFAULT NULL,
  `contact_fb` varchar(250) DEFAULT NULL,
  `contact_ig` varchar(250) DEFAULT NULL,
  `contact_twitter` varchar(250) DEFAULT NULL,
  `contact_img_maps` text,
  `contact_link_maps` text,
  `insert_user_id` bigint(20) DEFAULT NULL,
  `insert_datetime` datetime DEFAULT NULL,
  `update_user_id` bigint(20) DEFAULT NULL,
  `update_datetime` datetime DEFAULT NULL,
  PRIMARY KEY (`contact_id`)
) ENGINE=InnoDB AUTO_INCREMENT=2 DEFAULT CHARSET=latin1;

/*Data for the table `cms_contact` */

insert  into `cms_contact`(`contact_id`,`contact_address`,`contact_email`,`contact_phone`,`contact_wa`,`contact_fb`,`contact_ig`,`contact_twitter`,`contact_img_maps`,`contact_link_maps`,`insert_user_id`,`insert_datetime`,`update_user_id`,`update_datetime`) values (1,'<p><span xss=\"removed\">Jl. Ringroad Utara 66, Nayan, Maguwoharjo, Kec. Depok, Kabupaten Sleman, Daerah Istimewa Yogyakarta 55281</span><br></p>','info@bhiva.id','02744333870','082323600093','https://facebook.com/bhiva','https://instagram.com/bhivatours','https://twitter.com/bhiva','75f5e971d7c2690e98b5f19e86e356a9.png','https://www.google.com/maps/place/Bhiva+Tour+&+Travel/@-7.7784834,110.4301161,15z/data=!4m5!3m4!1s0x2e7a5a1f1946139f:0x15c4a0a33aefd5f!8m2!3d-7.77446!4d110.430379?hl=id',1,'2019-09-20 18:11:59',6,'2019-11-20 16:10:50');

/*Table structure for table `cms_gallery` */

DROP TABLE IF EXISTS `cms_gallery`;

CREATE TABLE `cms_gallery` (
  `gallery_id` bigint(20) NOT NULL AUTO_INCREMENT,
  `gallery_parent_id` bigint(20) DEFAULT NULL COMMENT 'terisi hanya untuk tipe gambar yg link ke id gallery',
  `gallery_type` tinyint(1) DEFAULT NULL COMMENT '1=gallery, 2=image',
  `gallery_img` text,
  `gallery_order` int(11) DEFAULT NULL,
  `gallery_status` tinyint(1) DEFAULT NULL COMMENT '0=not active, 1=active',
  `insert_user_id` bigint(20) DEFAULT NULL,
  `insert_datetime` datetime DEFAULT NULL,
  `update_user_id` bigint(20) DEFAULT NULL,
  `update_datetime` datetime DEFAULT NULL,
  PRIMARY KEY (`gallery_id`)
) ENGINE=InnoDB AUTO_INCREMENT=22 DEFAULT CHARSET=latin1;

/*Data for the table `cms_gallery` */

insert  into `cms_gallery`(`gallery_id`,`gallery_parent_id`,`gallery_type`,`gallery_img`,`gallery_order`,`gallery_status`,`insert_user_id`,`insert_datetime`,`update_user_id`,`update_datetime`) values (1,NULL,1,'ca0a3a74733c501f6b9b116372bac936.jpeg',1,1,5,'2019-09-22 11:56:09',6,'2019-11-19 14:30:07'),(5,NULL,1,'6dac7f8d4ca254021b49503ccf9e9d24.jpeg',2,1,5,'2019-09-22 19:59:12',6,'2019-11-19 15:35:28'),(6,1,2,'d2c09991a396cb6a1792ff7e3bc4f061.jpeg',1,1,5,'2019-09-22 20:06:32',6,'2019-11-19 14:31:00'),(7,NULL,1,'0440e7bacbdb24e7c0d3969afaac4d8b.jpeg',3,1,5,'2019-11-10 16:56:01',NULL,NULL),(8,NULL,1,'c096b2ea1eee97737fc9542096f8ec3d.jpeg',4,1,5,'2019-11-10 16:56:24',NULL,NULL),(9,NULL,1,'b6bba1eb27743f2ab5b26e1b6562cb6a.jpeg',5,1,5,'2019-11-10 16:56:41',NULL,NULL),(10,NULL,1,'c6a90e11d3f6c06458a93398071b0421.jpeg',6,1,5,'2019-11-10 16:56:54',NULL,NULL),(11,NULL,1,'2ec1af9527a7eb924c7b9713db8bdf5a.jpeg',7,1,5,'2019-11-10 16:57:10',NULL,NULL),(12,NULL,1,'b86f978f72f838880af9b077af9ae0dc.jpeg',8,1,5,'2019-11-10 16:57:22',NULL,NULL),(13,NULL,1,'fd45540e324d8673d2c226713c023b80.jpeg',9,1,5,'2019-11-10 16:57:34',NULL,NULL),(14,1,2,'09322999265ebf394a8fa4699613564b.jpeg',2,1,5,'2019-11-10 22:48:11',6,'2019-11-19 14:31:24'),(15,1,2,'130348f3a2a3cf2e7bafa1583797f810.jpeg',3,1,5,'2019-11-10 22:48:38',6,'2019-11-19 14:31:45'),(16,1,2,'f86b4e00d47eaf95c336013ff9e4cec5.jpeg',4,1,5,'2019-11-10 22:48:54',6,'2019-11-19 14:32:22'),(20,5,2,'600aa6f99c63ba2621da1e91fd7f0d66.jpeg',1,1,6,'2019-11-19 15:41:09',NULL,NULL),(21,5,2,'dd5ea57597e97aa8b0e5f3808ba2d14b.jpeg',2,1,6,'2019-11-19 15:41:23',NULL,NULL);

/*Table structure for table `cms_gallery_text` */

DROP TABLE IF EXISTS `cms_gallery_text`;

CREATE TABLE `cms_gallery_text` (
  `gallerytext_gallery_id` bigint(20) DEFAULT NULL,
  `gallerytext_lang` varchar(5) DEFAULT NULL,
  `gallerytext_title` varchar(250) DEFAULT NULL,
  KEY `gallerytext_lang` (`gallerytext_lang`),
  KEY `gallerytext_gallery_id` (`gallerytext_gallery_id`),
  CONSTRAINT `cms_gallery_text_ibfk_1` FOREIGN KEY (`gallerytext_gallery_id`) REFERENCES `cms_gallery` (`gallery_id`) ON DELETE CASCADE ON UPDATE CASCADE
) ENGINE=InnoDB DEFAULT CHARSET=latin1;

/*Data for the table `cms_gallery_text` */

insert  into `cms_gallery_text`(`gallerytext_gallery_id`,`gallerytext_lang`,`gallerytext_title`) values (7,'en','Gallery 3'),(7,'id','Gallery 3'),(8,'en','Gallery 4'),(8,'id','Gallery 4'),(9,'en','Gallery 5'),(9,'id','Gallery 5'),(10,'en','Gallery 6'),(10,'id','Gallery 6'),(11,'en','Gallery 7'),(11,'id','Gallery 7'),(12,'en','Gallery 8'),(12,'id','Gallery 8'),(13,'en','Gallery 9'),(13,'id','Gallery 9'),(1,'en','Jeepventure'),(1,'id','Jeepventure'),(6,'en',''),(6,'id',''),(14,'en',''),(14,'id',''),(15,'en',''),(15,'id',''),(16,'en',''),(16,'id',''),(5,'en','Event'),(5,'id','Event'),(20,'en',''),(20,'id',''),(21,'en',''),(21,'id','');

/*Table structure for table `cms_greeting` */

DROP TABLE IF EXISTS `cms_greeting`;

CREATE TABLE `cms_greeting` (
  `greeting_id` tinyint(1) NOT NULL AUTO_INCREMENT COMMENT 'id harus selalu 1',
  `greeting_img` text,
  `greeting_link_img` text,
  `insert_user_id` bigint(20) DEFAULT NULL,
  `insert_datetime` datetime DEFAULT NULL,
  `update_user_id` bigint(20) DEFAULT NULL,
  `update_datetime` datetime DEFAULT NULL,
  PRIMARY KEY (`greeting_id`)
) ENGINE=InnoDB AUTO_INCREMENT=2 DEFAULT CHARSET=latin1;

/*Data for the table `cms_greeting` */

insert  into `cms_greeting`(`greeting_id`,`greeting_img`,`greeting_link_img`,`insert_user_id`,`insert_datetime`,`update_user_id`,`update_datetime`) values (1,'a1176c62e657eb46c33a7d1e3318e504.jpeg',NULL,1,'2019-11-03 18:47:05',6,'2019-11-19 16:18:37');

/*Table structure for table `cms_greeting_text` */

DROP TABLE IF EXISTS `cms_greeting_text`;

CREATE TABLE `cms_greeting_text` (
  `greetingtext_greeting_id` tinyint(1) DEFAULT NULL,
  `greetingtext_lang` varchar(5) DEFAULT NULL,
  `greetingtext_text` text,
  KEY `whowearetext_whoweare_id` (`greetingtext_greeting_id`),
  KEY `whowearetext_lang` (`greetingtext_lang`),
  CONSTRAINT `cms_greeting_text_ibfk_1` FOREIGN KEY (`greetingtext_greeting_id`) REFERENCES `cms_greeting` (`greeting_id`) ON DELETE CASCADE ON UPDATE CASCADE
) ENGINE=InnoDB DEFAULT CHARSET=latin1;

/*Data for the table `cms_greeting_text` */

insert  into `cms_greeting_text`(`greetingtext_greeting_id`,`greetingtext_lang`,`greetingtext_text`) values (1,'en','<h5 style=\"text-align: left; font-family: \" source=\"\" sans=\"\" pro\",=\"\" -apple-system,=\"\" blinkmacsystemfont,=\"\" \"segoe=\"\" ui\",=\"\" roboto,=\"\" \"helvetica=\"\" neue\",=\"\" arial,=\"\" sans-serif,=\"\" \"apple=\"\" color=\"\" emoji\",=\"\" ui=\"\" symbol\";=\"\" color:=\"\" rgb(0,=\"\" 0,=\"\" 0);\"=\"\"><span style=\"font-weight: bolder;\">Greetings from </span></h5><h5 style=\"text-align: left; font-family: \" source=\"\" sans=\"\" pro\",=\"\" -apple-system,=\"\" blinkmacsystemfont,=\"\" \"segoe=\"\" ui\",=\"\" roboto,=\"\" \"helvetica=\"\" neue\",=\"\" arial,=\"\" sans-serif,=\"\" \"apple=\"\" color=\"\" emoji\",=\"\" ui=\"\" symbol\";=\"\" color:=\"\" rgb(0,=\"\" 0,=\"\" 0);\"=\"\"><span style=\"font-weight: bolder;\">Bhumi Visatanda !</span></h5><h5 style=\"text-align: left; font-family: \" source=\"\" sans=\"\" pro\",=\"\" -apple-system,=\"\" blinkmacsystemfont,=\"\" \"segoe=\"\" ui\",=\"\" roboto,=\"\" \"helvetica=\"\" neue\",=\"\" arial,=\"\" sans-serif,=\"\" \"apple=\"\" color=\"\" emoji\",=\"\" ui=\"\" symbol\";=\"\" color:=\"\" rgb(0,=\"\" 0,=\"\" 0);\"=\"\"><br></h5><p>Selamat datang di situs web PT Bhumi Visatanda atau yang lebih dikenal dengan nama BHIVA. Situs web ini merupakan jendela kecil yang kami harapkan dapat memberikan gambaran tentang profil dan kegiatan perusahaan kami.&nbsp;</p><p>Dari jendela ini, kita baru bisa mendapat sekelumit gambaran tentang BHIVA, gambaran lebih menyeluruh dan pengalaman yang sesungguhnya bisa Anda rasakan setelah mencoba salah satu paket perjalanan kami dan pada waktu kami membantu Anda mewujudkan event-event penting impian Anda.</p><p>We will truly enhance your experience!</p>'),(1,'id','<h5 style=\"text-align: left; font-family: \" source=\"\" sans=\"\" pro\",=\"\" -apple-system,=\"\" blinkmacsystemfont,=\"\" \"segoe=\"\" ui\",=\"\" roboto,=\"\" \"helvetica=\"\" neue\",=\"\" arial,=\"\" sans-serif,=\"\" \"apple=\"\" color=\"\" emoji\",=\"\" ui=\"\" symbol\";=\"\" color:=\"\" rgb(0,=\"\" 0,=\"\" 0);\"=\"\"><span style=\"font-weight: bolder;\">Greetings from </span></h5><h5 style=\"text-align: left; font-family: \" source=\"\" sans=\"\" pro\",=\"\" -apple-system,=\"\" blinkmacsystemfont,=\"\" \"segoe=\"\" ui\",=\"\" roboto,=\"\" \"helvetica=\"\" neue\",=\"\" arial,=\"\" sans-serif,=\"\" \"apple=\"\" color=\"\" emoji\",=\"\" ui=\"\" symbol\";=\"\" color:=\"\" rgb(0,=\"\" 0,=\"\" 0);\"=\"\"><span style=\"font-weight: bolder;\">Bhumi Visatanda !</span></h5><p><br></p><p>Selamat datang di situs web PT Bhumi Visatanda atau yang lebih dikenal dengan nama BHIVA. Situs web ini merupakan jendela kecil yang kami harapkan dapat memberikan gambaran tentang profil dan kegiatan perusahaan kami.&nbsp;</p><p>Dari jendela ini, kita baru bisa mendapat sekelumit gambaran tentang BHIVA, gambaran lebih menyeluruh dan pengalaman yang sesungguhnya bisa Anda rasakan setelah mencoba salah satu paket perjalanan kami dan pada waktu kami membantu Anda mewujudkan event-event penting impian Anda.</p><p>We will truly enhance your experience!</p>');

/*Table structure for table `cms_privacypolicy` */

DROP TABLE IF EXISTS `cms_privacypolicy`;

CREATE TABLE `cms_privacypolicy` (
  `privacypolicy_id` tinyint(1) NOT NULL AUTO_INCREMENT COMMENT 'id harus selalu 1',
  `insert_user_id` bigint(20) DEFAULT NULL,
  `insert_datetime` datetime DEFAULT NULL,
  `update_user_id` bigint(20) DEFAULT NULL,
  `update_datetime` datetime DEFAULT NULL,
  PRIMARY KEY (`privacypolicy_id`)
) ENGINE=InnoDB AUTO_INCREMENT=2 DEFAULT CHARSET=latin1;

/*Data for the table `cms_privacypolicy` */

insert  into `cms_privacypolicy`(`privacypolicy_id`,`insert_user_id`,`insert_datetime`,`update_user_id`,`update_datetime`) values (1,1,'2019-09-21 22:55:34',5,'2019-11-13 08:23:41');

/*Table structure for table `cms_privacypolicy_text` */

DROP TABLE IF EXISTS `cms_privacypolicy_text`;

CREATE TABLE `cms_privacypolicy_text` (
  `privacypolicytext_privacypolicy_id` tinyint(1) DEFAULT NULL,
  `privacypolicytext_lang` varchar(5) DEFAULT NULL,
  `privacypolicytext_text` text,
  KEY `privacypolicytext_privacypolicy_id` (`privacypolicytext_privacypolicy_id`),
  KEY `privacypolicytext_lang` (`privacypolicytext_lang`),
  CONSTRAINT `cms_privacypolicy_text_ibfk_1` FOREIGN KEY (`privacypolicytext_privacypolicy_id`) REFERENCES `cms_privacypolicy` (`privacypolicy_id`) ON DELETE CASCADE ON UPDATE CASCADE
) ENGINE=InnoDB DEFAULT CHARSET=latin1;

/*Data for the table `cms_privacypolicy_text` */

insert  into `cms_privacypolicy_text`(`privacypolicytext_privacypolicy_id`,`privacypolicytext_lang`,`privacypolicytext_text`) values (1,'en','<p>TRAVELOKA PRIVACY POLICY</p><p>Last modified on: September 2019</p><p><br></p><p>In order to provide you with the best experience when using our system, we may collect, use, disclose, process and protect your personal identifiable information or personal data. Our system is owned and operated by Traveloka Group of Companies (\"Traveloka\", \"us\", \"we\", or \"our\").</p><p><br></p><p>We believe you should be informed about what kind of personal data we collect and how we use it in our system, both through our website and/or app (the \"Site\"). By reading this Privacy Policy, you can always make the best decision about the personal data that you share with us. Personal data here refers to any information which are related to an identified or identifiable natural person (\"Personal Data\"). By registering to and/ or using the Site, you acknowledge that you have read this Privacy Policy and the Traveloka Terms of Use and understand their content and consequences, and you agree and give consent to Us for the collection, use, disclosure and processing of your Personal Datain accordance with this Privacy Policy and/or the Terms of Use. Further, you acknowledge that every Personal Data that you have provided or will provide is yours to share and is true and accurate.</p><p><br></p><p>From time to time, Traveloka may revise this Privacy Policy to reflect changes in the laws and regulations, our use practices, the features of our Site and/or advances in technology. If we make revisions that change the way we collector use your Personal Data, those changes will be posted in this Privacy Policy and the effective date will be noted at the beginning of this Privacy Policy. Therefore, you should review this Privacy Policy periodically so that you are up to date on our most current policies and practices. If you do not agree with any changes or modifications to the Privacy Policy, please do not continue using the Site. You will be deemed to have consented to any modification of the Privacy Policy when you use the Site after the effective date of the modification.</p><p><br></p><p>This Privacy Policy explains about:</p><p><br></p><p>Information We Collect</p><p>How We Use Your Information</p><p>Sharing and Transferring of Your Personal Data</p><p>Access to or Correction of Your Personal Data</p><p>Withdrawing Consent</p><p>Removal of Your Personal Data</p><p>Retention of Personal Data</p><p>Protection of Your Personal Data</p><p>Links to Other Websites</p><p>Registration and Membership</p><p>Miscellaneous</p><p>Our Contact</p><p>Information We Collect</p><p><br></p><p>Following your consent, we may collect your Personal Data to provide our services to you when using the Site. In addition, we can also collect the Personal Data for other reasons as provided further in the Privacy Policy. The Personal Data consist of the information as seen below.</p><p><br></p><p>Basic personal information: when you are using our Site, we may request you to make an account in order to proceed your bookings. The Personal Data collected will include, but not limited to, your name, Traveloka user identification and login credentials, email address and phone number.</p><p>Specific personal information: we may collect your Personal Data based on your experiences in using our Site, for example: details of your hotel bookings (such as hotel name, hotel location and/or length of stay), your travel preferences, details of your airline frequent flyer membership as well as your reviews. We may also collect certain information from you when you are using our Site, such as geographic location, IP address, search preferences as well as other general Internet usage related data.</p><p>Geographic location: upon your consent, we may collect your Personal Data about your actual location to provide you with the offers in the relevant location as provided in our Site. We may also derive your approximate location from your IP address and GPS.</p><p>Log Information: when you are using our Site, we may collect your data which we refer as a \"log information\". The log information may still be collected even though you do not make any account in our Site. This log information may include IP address, browser type, operating system, nationality, pages visited location, your mobile carrier, device information and search history as well as other generic internet usage related information. We use the log information to provide our users with the better experience using our Site.</p><p>Cookies and similar technologies: we may use cookies and/ or similar technologies (such as web beacons, tags, scripts). Cookies is a small piece of data that is stored in your computer or mobile device to help us track you. Like other websites, we may use cookies to give you better experience, so your computer and/or your mobile device will recognize you when you use our Site onwards. Please deactivate the cookies option, if you wish us to stop the cookies feature.</p><p>How We Use Your Information</p><p><br></p><p>We may also collect, maintain and store your information to offer you the best packages that will be suitable with your preferences. In addition, we may also use your information as collected through the Site for the following purposes:</p><p><br></p><p>registering your use and/or access of the Site;</p><p><br></p><p>managing, operating, administering and/or access of the Site;</p><p>contacting you on the matters relating to your use and/or access to the Site and managing the queries and/or requests submitted by you through the Site;</p><p>customizing your experience when using the Site, and improving your customer experience and satisfaction;</p><p>publishing your reviews about our services as well as the listed products on our Site;</p><p>enforcing the provisions in our Terms and Conditions;</p><p>resolving disputes, collecting outstanding payment and troubleshooting and/or;</p><p>for the purposes otherwise that will be made available to you at the point of collection.</p><p>We may also use your Personal Data and other information collected for:</p><p><br></p><p>digital marketing which includes, however is not limited to social media, display advertisement, Search Engine Optimization (\"SEO\"), Search Engine Marketing (\"SEM\"), push notification using open graph techniques and</p><p>conventional marketing purposes which includes however is not limited to sending you email(s) about new products, special offers, and surveys or other information which we think you may find interesting.</p><p>Please note that you may opt out of any marketing materials we may send to you by following the unsubscribe instructions set out in our marketing materials if you choose to opt out of any marketing materials and we will respect your wishes. However, please note that we may target and personalise our marketing communications, purchase recommendations and other contacts that we display on our website and application based on the combined data we have collected about you.</p><p><br></p><p>Sharing of Your Personal Data</p><p><br></p><p>Your Personal Data may be shared to other companies, organizations and/or individuals (the \"Third Party\") for completing the service we provide to you. We may engage the Third Parties for obtaining their services which include, however are not limited to website hosting, data analysis, marketing, promotions, processing credit card transactions and other relevant services.</p><p><br></p><p>Depending on your location, Traveloka and the Third Party may also be transferring your Personal Data overseas.</p><p><br></p><p>Please note that Traveloka may disclose your Personal Data pursuant to the following conditions:</p><p><br></p><p>Consent</p><p><br></p><p>We will only share your Personal Data with the Third Parties when we have your consent to do so. You acknowledge that your continued use of our Services will constitute your consent and that the sharing of your personal data will be subject to this Privacy Policy.</p><p><br></p><p>To Purchasers</p><p><br></p><p>This is in connection with any sale, assignment, or other transfer of all or part of our business or company. </p><p><br></p><p>For Legal Reasons</p><p><br></p><p>Based on our discretion, we may share your Personal Data with the Third Parties if we deem the share of data is necessary to: i) comply with the applicable laws and regulations; ii) enforce our Terms and Conditions; iii) investigate any potential fraud or illegal acts; and/ or iv) protect our brand, our reputation as well as our property.</p><p><br></p><p>Access to or Correction of Your Personal Data</p><p><br></p><p>When you provide us with your Personal Data, please ensure that it is accurate and complete. If you believe that any of your information under our possession contains errors or omissions, please log into your account on the Site and correct the information. In addition, please update your Personal Data through your account in a timely manner, should there be any changes. If you wish to correct an error or omission in any Personal Data under our possession that cannot be corrected via our Site, or to access your Personal Data under our possession or control, or as provided for by applicable laws, please submit your request to our contact details listed below.</p><p><br></p><p>Withdrawing Consent</p><p><br></p><p>You may withdraw your consent to our collection, use or disclosure of your Personal Data, by giving us a reasonable notice. If you wish to withdraw your consent, please inform us at our contact details listed below. Upon your request, we will cease to collect, use or disclose your Personal Data, unless required by law or if we have legitimate business or legal purposes for retaining such data. Note that by withdrawing your consent to our collection, use or disclosure of your Personal Data, we may not be able to continue providing you with our services and you agree that we will not be liable to you for any losses or damages arising out of or in relation to such termination of services.</p><p><br></p><p>Removal of Your Personal Data</p><p><br></p><p>You may have the right to ask your Personal Data collected and processed by us to be removed, by giving us a reasonable reason. If you wish to remove your data, you should inform us at our contact details listed below.</p><p><br></p><p>Upon your request, we will strive to remove your Personal Data in our system. We will also cease to collect, use or disclose your personal data, unless required by law or if we have legitimate business or legal purposes for retaining such data. Note that by requesting us to remove your Personal Data, we may not be able to continue providing you with ourservices and you agree that we will not be liable to you for any losses or damages arising out of or in relation to such termination of services.</p><p><br></p><p>Retention of Your Personal Data</p><p><br></p><p>Your Personal Data will be retained for as long as your account is still inexistence and as needed to provide you with our services. We shall cease to retain Personal Data, or with reasonable effort to remove the means by which the Personal Data can be associated with You as an individual, as soon as, 1) the purpose for which Personal Data was collected is no longer being served by the retention of data; and 2) it is not required by the applicable laws and/ or not necessary for business purposes.</p><p><br></p><p>Protection of Your Personal Data</p><p><br></p><p>We will protect your Personal Data by maintaining reasonable security arrangements, including physical, technical and organizational procedures, to prevent unauthorised access, collection, use, disclosure, copying, modification, disposal or similar risks. If there is any breach of Personal Data, we will notify you through our channels, whether directly or indirectly, to give you sufficient information regarding such breach of Personal Data. Following the notification, wewill strive with our utmost best effort to recover the security of your Personal Data in our Site.</p><p><br></p><p>Links to Other Websites</p><p><br></p><p>Our Site may contain links to other websites of interest. However, once you have used these links to leave our Site, you should note that we do not have any control over that other website. Please note that we are not responsible for the privacy policy or practices of such other websites and advise you to read the privacy policy of each website you visit which collects your Personal Data.</p><p><br></p><p>Registration and Memberships</p><p><br></p><p>This Site allows you to create a user account based on the data you provide. By providing the data, registering, and creating your account, you warrant that:</p><p><br></p><p>Information about you is true and accurate, current and complete as required in the registration form on the Site (the \"Registration Data\"); and</p><p>You will update this Registration Data to keep it true, accurate and complete.</p><p>Miscellaneous</p><p><br></p><p>Applicability: in the event of inconsistency between the Terms and Conditions and this Privacy Policy, then the provisions in this Privacy Policy will apply.</p><p>Transfer of Business: in the event of change of control or ownership of Traveloka\'s business or group of companies, then the Personal Data collected in the Site may be part of transfer of the assets.</p><p>Our Contact</p><p><br></p><p>If you have any questions or requests relating to this Privacy Policy, please contact us through: privacy@traveloka.com.</p>'),(1,'id','<p>TRAVELOKA PRIVACY POLICY</p><p>Last modified on: September 2019</p><p><br></p><p>In order to provide you with the best experience when using our system, we may collect, use, disclose, process and protect your personal identifiable information or personal data. Our system is owned and operated by Traveloka Group of Companies (\"Traveloka\", \"us\", \"we\", or \"our\").</p><p><br></p><p>We believe you should be informed about what kind of personal data we collect and how we use it in our system, both through our website and/or app (the \"Site\"). By reading this Privacy Policy, you can always make the best decision about the personal data that you share with us. Personal data here refers to any information which are related to an identified or identifiable natural person (\"Personal Data\"). By registering to and/ or using the Site, you acknowledge that you have read this Privacy Policy and the Traveloka Terms of Use and understand their content and consequences, and you agree and give consent to Us for the collection, use, disclosure and processing of your Personal Datain accordance with this Privacy Policy and/or the Terms of Use. Further, you acknowledge that every Personal Data that you have provided or will provide is yours to share and is true and accurate.</p><p><br></p><p>From time to time, Traveloka may revise this Privacy Policy to reflect changes in the laws and regulations, our use practices, the features of our Site and/or advances in technology. If we make revisions that change the way we collector use your Personal Data, those changes will be posted in this Privacy Policy and the effective date will be noted at the beginning of this Privacy Policy. Therefore, you should review this Privacy Policy periodically so that you are up to date on our most current policies and practices. If you do not agree with any changes or modifications to the Privacy Policy, please do not continue using the Site. You will be deemed to have consented to any modification of the Privacy Policy when you use the Site after the effective date of the modification.</p><p><br></p><p>This Privacy Policy explains about:</p><p><br></p><p>Information We Collect</p><p>How We Use Your Information</p><p>Sharing and Transferring of Your Personal Data</p><p>Access to or Correction of Your Personal Data</p><p>Withdrawing Consent</p><p>Removal of Your Personal Data</p><p>Retention of Personal Data</p><p>Protection of Your Personal Data</p><p>Links to Other Websites</p><p>Registration and Membership</p><p>Miscellaneous</p><p>Our Contact</p><p>Information We Collect</p><p><br></p><p>Following your consent, we may collect your Personal Data to provide our services to you when using the Site. In addition, we can also collect the Personal Data for other reasons as provided further in the Privacy Policy. The Personal Data consist of the information as seen below.</p><p><br></p><p>Basic personal information: when you are using our Site, we may request you to make an account in order to proceed your bookings. The Personal Data collected will include, but not limited to, your name, Traveloka user identification and login credentials, email address and phone number.</p><p>Specific personal information: we may collect your Personal Data based on your experiences in using our Site, for example: details of your hotel bookings (such as hotel name, hotel location and/or length of stay), your travel preferences, details of your airline frequent flyer membership as well as your reviews. We may also collect certain information from you when you are using our Site, such as geographic location, IP address, search preferences as well as other general Internet usage related data.</p><p>Geographic location: upon your consent, we may collect your Personal Data about your actual location to provide you with the offers in the relevant location as provided in our Site. We may also derive your approximate location from your IP address and GPS.</p><p>Log Information: when you are using our Site, we may collect your data which we refer as a \"log information\". The log information may still be collected even though you do not make any account in our Site. This log information may include IP address, browser type, operating system, nationality, pages visited location, your mobile carrier, device information and search history as well as other generic internet usage related information. We use the log information to provide our users with the better experience using our Site.</p><p>Cookies and similar technologies: we may use cookies and/ or similar technologies (such as web beacons, tags, scripts). Cookies is a small piece of data that is stored in your computer or mobile device to help us track you. Like other websites, we may use cookies to give you better experience, so your computer and/or your mobile device will recognize you when you use our Site onwards. Please deactivate the cookies option, if you wish us to stop the cookies feature.</p><p>How We Use Your Information</p><p><br></p><p>We may also collect, maintain and store your information to offer you the best packages that will be suitable with your preferences. In addition, we may also use your information as collected through the Site for the following purposes:</p><p><br></p><p>registering your use and/or access of the Site;</p><p><br></p><p>managing, operating, administering and/or access of the Site;</p><p>contacting you on the matters relating to your use and/or access to the Site and managing the queries and/or requests submitted by you through the Site;</p><p>customizing your experience when using the Site, and improving your customer experience and satisfaction;</p><p>publishing your reviews about our services as well as the listed products on our Site;</p><p>enforcing the provisions in our Terms and Conditions;</p><p>resolving disputes, collecting outstanding payment and troubleshooting and/or;</p><p>for the purposes otherwise that will be made available to you at the point of collection.</p><p>We may also use your Personal Data and other information collected for:</p><p><br></p><p>digital marketing which includes, however is not limited to social media, display advertisement, Search Engine Optimization (\"SEO\"), Search Engine Marketing (\"SEM\"), push notification using open graph techniques and</p><p>conventional marketing purposes which includes however is not limited to sending you email(s) about new products, special offers, and surveys or other information which we think you may find interesting.</p><p>Please note that you may opt out of any marketing materials we may send to you by following the unsubscribe instructions set out in our marketing materials if you choose to opt out of any marketing materials and we will respect your wishes. However, please note that we may target and personalise our marketing communications, purchase recommendations and other contacts that we display on our website and application based on the combined data we have collected about you.</p><p><br></p><p>Sharing of Your Personal Data</p><p><br></p><p>Your Personal Data may be shared to other companies, organizations and/or individuals (the \"Third Party\") for completing the service we provide to you. We may engage the Third Parties for obtaining their services which include, however are not limited to website hosting, data analysis, marketing, promotions, processing credit card transactions and other relevant services.</p><p><br></p><p>Depending on your location, Traveloka and the Third Party may also be transferring your Personal Data overseas.</p><p><br></p><p>Please note that Traveloka may disclose your Personal Data pursuant to the following conditions:</p><p><br></p><p>Consent</p><p><br></p><p>We will only share your Personal Data with the Third Parties when we have your consent to do so. You acknowledge that your continued use of our Services will constitute your consent and that the sharing of your personal data will be subject to this Privacy Policy.</p><p><br></p><p>To Purchasers</p><p><br></p><p>This is in connection with any sale, assignment, or other transfer of all or part of our business or company. </p><p><br></p><p>For Legal Reasons</p><p><br></p><p>Based on our discretion, we may share your Personal Data with the Third Parties if we deem the share of data is necessary to: i) comply with the applicable laws and regulations; ii) enforce our Terms and Conditions; iii) investigate any potential fraud or illegal acts; and/ or iv) protect our brand, our reputation as well as our property.</p><p><br></p><p>Access to or Correction of Your Personal Data</p><p><br></p><p>When you provide us with your Personal Data, please ensure that it is accurate and complete. If you believe that any of your information under our possession contains errors or omissions, please log into your account on the Site and correct the information. In addition, please update your Personal Data through your account in a timely manner, should there be any changes. If you wish to correct an error or omission in any Personal Data under our possession that cannot be corrected via our Site, or to access your Personal Data under our possession or control, or as provided for by applicable laws, please submit your request to our contact details listed below.</p><p><br></p><p>Withdrawing Consent</p><p><br></p><p>You may withdraw your consent to our collection, use or disclosure of your Personal Data, by giving us a reasonable notice. If you wish to withdraw your consent, please inform us at our contact details listed below. Upon your request, we will cease to collect, use or disclose your Personal Data, unless required by law or if we have legitimate business or legal purposes for retaining such data. Note that by withdrawing your consent to our collection, use or disclosure of your Personal Data, we may not be able to continue providing you with our services and you agree that we will not be liable to you for any losses or damages arising out of or in relation to such termination of services.</p><p><br></p><p>Removal of Your Personal Data</p><p><br></p><p>You may have the right to ask your Personal Data collected and processed by us to be removed, by giving us a reasonable reason. If you wish to remove your data, you should inform us at our contact details listed below.</p><p><br></p><p>Upon your request, we will strive to remove your Personal Data in our system. We will also cease to collect, use or disclose your personal data, unless required by law or if we have legitimate business or legal purposes for retaining such data. Note that by requesting us to remove your Personal Data, we may not be able to continue providing you with ourservices and you agree that we will not be liable to you for any losses or damages arising out of or in relation to such termination of services.</p><p><br></p><p>Retention of Your Personal Data</p><p><br></p><p>Your Personal Data will be retained for as long as your account is still inexistence and as needed to provide you with our services. We shall cease to retain Personal Data, or with reasonable effort to remove the means by which the Personal Data can be associated with You as an individual, as soon as, 1) the purpose for which Personal Data was collected is no longer being served by the retention of data; and 2) it is not required by the applicable laws and/ or not necessary for business purposes.</p><p><br></p><p>Protection of Your Personal Data</p><p><br></p><p>We will protect your Personal Data by maintaining reasonable security arrangements, including physical, technical and organizational procedures, to prevent unauthorised access, collection, use, disclosure, copying, modification, disposal or similar risks. If there is any breach of Personal Data, we will notify you through our channels, whether directly or indirectly, to give you sufficient information regarding such breach of Personal Data. Following the notification, wewill strive with our utmost best effort to recover the security of your Personal Data in our Site.</p><p><br></p><p>Links to Other Websites</p><p><br></p><p>Our Site may contain links to other websites of interest. However, once you have used these links to leave our Site, you should note that we do not have any control over that other website. Please note that we are not responsible for the privacy policy or practices of such other websites and advise you to read the privacy policy of each website you visit which collects your Personal Data.</p><p><br></p><p>Registration and Memberships</p><p><br></p><p>This Site allows you to create a user account based on the data you provide. By providing the data, registering, and creating your account, you warrant that:</p><p><br></p><p>Information about you is true and accurate, current and complete as required in the registration form on the Site (the \"Registration Data\"); and</p><p>You will update this Registration Data to keep it true, accurate and complete.</p><p>Miscellaneous</p><p><br></p><p>Applicability: in the event of inconsistency between the Terms and Conditions and this Privacy Policy, then the provisions in this Privacy Policy will apply.</p><p>Transfer of Business: in the event of change of control or ownership of Traveloka\'s business or group of companies, then the Personal Data collected in the Site may be part of transfer of the assets.</p><p>Our Contact</p><p><br></p><p>If you have any questions or requests relating to this Privacy Policy, please contact us through: privacy@traveloka.com.</p>');

/*Table structure for table `cms_service` */

DROP TABLE IF EXISTS `cms_service`;

CREATE TABLE `cms_service` (
  `service_id` int(11) NOT NULL AUTO_INCREMENT,
  `service_order` int(11) DEFAULT NULL,
  `service_status` tinyint(1) DEFAULT NULL COMMENT '0=not active, 1=active',
  `service_type` tinyint(1) DEFAULT '0' COMMENT '0=info, 1=paket wisata, 2=tiket, 3=venue',
  `insert_user_id` bigint(20) DEFAULT NULL,
  `insert_datetime` datetime DEFAULT NULL,
  `update_user_id` bigint(20) DEFAULT NULL,
  `update_datetime` datetime DEFAULT NULL,
  PRIMARY KEY (`service_id`)
) ENGINE=InnoDB AUTO_INCREMENT=9 DEFAULT CHARSET=latin1;

/*Data for the table `cms_service` */

insert  into `cms_service`(`service_id`,`service_order`,`service_status`,`service_type`,`insert_user_id`,`insert_datetime`,`update_user_id`,`update_datetime`) values (3,5,1,1,5,'2019-09-19 01:05:57',5,'2019-11-24 07:14:25'),(4,2,1,3,5,'2019-10-22 17:25:31',5,'2019-11-24 07:15:55'),(5,3,1,0,5,'2019-11-14 06:47:52',5,'2019-11-19 09:32:00'),(6,4,1,0,5,'2019-11-19 09:31:23',NULL,NULL),(7,1,1,0,5,'2019-11-19 09:34:01',5,'2019-11-19 09:35:14'),(8,6,1,2,5,'2019-11-24 07:22:54',NULL,NULL);

/*Table structure for table `cms_service_img` */

DROP TABLE IF EXISTS `cms_service_img`;

CREATE TABLE `cms_service_img` (
  `serviceimg_service_id` int(11) DEFAULT NULL,
  `serviceimg_order` int(11) DEFAULT NULL,
  `serviceimg_img` text,
  KEY `serviceimg_service_id` (`serviceimg_service_id`),
  CONSTRAINT `cms_service_img_ibfk_1` FOREIGN KEY (`serviceimg_service_id`) REFERENCES `cms_service` (`service_id`) ON DELETE CASCADE ON UPDATE CASCADE
) ENGINE=InnoDB DEFAULT CHARSET=latin1;

/*Data for the table `cms_service_img` */

insert  into `cms_service_img`(`serviceimg_service_id`,`serviceimg_order`,`serviceimg_img`) values (6,1,'1234973d52a206a0cc0a4459648a19f4.jpeg'),(6,2,NULL),(6,3,NULL),(6,4,NULL),(5,1,'3880d287b0e3d19cb24e38cd546104eb.jpeg'),(5,2,NULL),(5,3,NULL),(5,4,NULL),(7,1,'a982536a6d9ee46c2c68cc7e9745c6c6.jpeg'),(7,2,NULL),(7,3,NULL),(7,4,NULL),(3,1,'a5177f97bb998d1449b0a24b840ffe1f.jpeg'),(3,2,NULL),(3,3,'9e7a50c214c1dcc618f71b0fca4b35a8.jpeg'),(3,4,NULL),(4,1,'086a41dc7e005698cd80e648cf257dbb.jpeg'),(4,2,NULL),(4,3,NULL),(4,4,NULL),(8,1,'fd50da053a69756ff0326ef7174da7b3.jpeg'),(8,2,NULL),(8,3,NULL),(8,4,NULL);

/*Table structure for table `cms_service_text` */

DROP TABLE IF EXISTS `cms_service_text`;

CREATE TABLE `cms_service_text` (
  `servicetext_service_id` int(11) DEFAULT NULL,
  `servicetext_lang` varchar(5) DEFAULT NULL,
  `servicetext_name` varchar(250) DEFAULT NULL,
  `servicetext_text` text,
  KEY `servicetext_service_id` (`servicetext_service_id`),
  KEY `servicetext_lang` (`servicetext_lang`),
  CONSTRAINT `cms_service_text_ibfk_1` FOREIGN KEY (`servicetext_service_id`) REFERENCES `cms_service` (`service_id`) ON DELETE CASCADE ON UPDATE CASCADE
) ENGINE=InnoDB DEFAULT CHARSET=latin1;

/*Data for the table `cms_service_text` */

insert  into `cms_service_text`(`servicetext_service_id`,`servicetext_lang`,`servicetext_name`,`servicetext_text`) values (6,'en','MICE & Events','<p>MICE & Events<br></p>'),(6,'id','MICE & Events','<p>MICE & Events<br></p>'),(5,'en','Transport','<p xss=removed>Lorem ipsum dolor sit amet, sit id duis quisque nunc pulvinar nulla, donec sem morbi, elit quis ipsum nunc, metus veritatis quisque pede nunc morbi. Lorem primis lobortis semper fames cras vel, viverra posuere congue erat. Ac nibh eros elit dolor, molestie ac eget a ante ex, massa tortor sapien, per vivamus luctus scelerisque, urna lorem urna a consequat ut sit. Sed proin laoreet lacus, vel penatibus, sit libero urna ligula vestibulum, et molestiae donec. Nunc vitae arcu, ipsum et phasellus. Rhoncus curabitur in donec metus, eget blandit magna ante phasellus mauris, porttitor quam nec tempus mattis, eu dictumst velit varius a. Odio lacus in. Per ligula suscipit. Purus eget lobortis pellentesque, elit pulvinar euismod in nulla nulla sed, velit mi ac, eu autem sit, quae erat phasellus nam dictum.</p><p xss=removed><br></p><p xss=removed>Amet et in ac, non turpis auctor vulputate etiam, diam duis sed, eros in vitae sem elementum fermentum. Incidunt egestas fringilla amet, in at sollicitudin egestas posuere sapien volutpat, taciti blandit. Et enim, ante et vitae risus omnis interdum sed, tenetur congue tortor justo ipsum. Morbi viverra nisl, ultricies tristique curabitur per cursus, tellus nam id nibh fermentum ipsum vitae. At ullamcorper tellus nec vel pariatur congue, pretium quisque, massa a amet ut wisi, cubilia porttitor, sagittis dui tincidunt faucibus. Mattis sollicitudin phasellus fermentum est elit aliquam, et torquent aliquam volutpat per vehicula dignissim, mattis risus, mi in maecenas nunc, porta pellentesque massa. In eros in, lorem non erat sapien eros, penatibus sit elementum, malesuada vehicula.</p><p xss=removed><br></p><p xss=removed>Tempor praesent tellus mattis ac nibh turpis. At rutrum rutrum. Nec habitasse pretium dignissim morbi amet eget, vitae metus nulla ipsum, faucibus mauris nibh mattis lectus tristique donec, lacus fames nam orci maecenas at egestas, vestibulum lacus vestibulum. Tortor euismod ut praesent dignissim. Vel lectus ac. Nibh proin rutrum imperdiet tempor mauris dolor, vestibulum rhoncus elit vel diam. Taciti dui sociis vestibulum. Suscipit nullam nec risus, sem arcu consequat etiam proin consectetuer feugiat, magna amet dignissim, dapibus dolor semper turpis morbi donec, repellat mauris tristique proin. Pede in neque semper sed cursus id. Augue dolor convallis, arcu arcu, consectetuer aenean et id. Sed interdum elit, non tortor sollicitudin vel sapien. Turpis et ornare, a lectus, consequatur tellus augue pretium interdum suspendisse cumque.</p><p xss=removed><br></p><p xss=removed>Convallis hendrerit. Morbi mollis in etiam, eiusmod sed phasellus tempus non sed orci, luctus morbi tortor maecenas integer nunc vel, suscipit amet nascetur. Lacinia nam vel volutpat lectus laboriosam in. Pellentesque nulla malesuada urna proin ac. Pretium wisi pellentesque, amet in, vitae ac. Wisi sed sed maecenas.</p><p xss=removed><br></p>'),(5,'id','Transport','<p xss=removed>Lorem ipsum dolor sit amet, sit id duis quisque nunc pulvinar nulla, donec sem morbi, elit quis ipsum nunc, metus veritatis quisque pede nunc morbi. Lorem primis lobortis semper fames cras vel, viverra posuere congue erat. Ac nibh eros elit dolor, molestie ac eget a ante ex, massa tortor sapien, per vivamus luctus scelerisque, urna lorem urna a consequat ut sit. Sed proin laoreet lacus, vel penatibus, sit libero urna ligula vestibulum, et molestiae donec. Nunc vitae arcu, ipsum et phasellus. Rhoncus curabitur in donec metus, eget blandit magna ante phasellus mauris, porttitor quam nec tempus mattis, eu dictumst velit varius a. Odio lacus in. Per ligula suscipit. Purus eget lobortis pellentesque, elit pulvinar euismod in nulla nulla sed, velit mi ac, eu autem sit, quae erat phasellus nam dictum.</p><p xss=removed><br></p><p xss=removed>Amet et in ac, non turpis auctor vulputate etiam, diam duis sed, eros in vitae sem elementum fermentum. Incidunt egestas fringilla amet, in at sollicitudin egestas posuere sapien volutpat, taciti blandit. Et enim, ante et vitae risus omnis interdum sed, tenetur congue tortor justo ipsum. Morbi viverra nisl, ultricies tristique curabitur per cursus, tellus nam id nibh fermentum ipsum vitae. At ullamcorper tellus nec vel pariatur congue, pretium quisque, massa a amet ut wisi, cubilia porttitor, sagittis dui tincidunt faucibus. Mattis sollicitudin phasellus fermentum est elit aliquam, et torquent aliquam volutpat per vehicula dignissim, mattis risus, mi in maecenas nunc, porta pellentesque massa. In eros in, lorem non erat sapien eros, penatibus sit elementum, malesuada vehicula.</p><p xss=removed><br></p><p xss=removed>Tempor praesent tellus mattis ac nibh turpis. At rutrum rutrum. Nec habitasse pretium dignissim morbi amet eget, vitae metus nulla ipsum, faucibus mauris nibh mattis lectus tristique donec, lacus fames nam orci maecenas at egestas, vestibulum lacus vestibulum. Tortor euismod ut praesent dignissim. Vel lectus ac. Nibh proin rutrum imperdiet tempor mauris dolor, vestibulum rhoncus elit vel diam. Taciti dui sociis vestibulum. Suscipit nullam nec risus, sem arcu consequat etiam proin consectetuer feugiat, magna amet dignissim, dapibus dolor semper turpis morbi donec, repellat mauris tristique proin. Pede in neque semper sed cursus id. Augue dolor convallis, arcu arcu, consectetuer aenean et id. Sed interdum elit, non tortor sollicitudin vel sapien. Turpis et ornare, a lectus, consequatur tellus augue pretium interdum suspendisse cumque.</p><p xss=removed><br></p><p xss=removed>Convallis hendrerit. Morbi mollis in etiam, eiusmod sed phasellus tempus non sed orci, luctus morbi tortor maecenas integer nunc vel, suscipit amet nascetur. Lacinia nam vel volutpat lectus laboriosam in. Pellentesque nulla malesuada urna proin ac. Pretium wisi pellentesque, amet in, vitae ac. Wisi sed sed maecenas.</p><p xss=removed><br></p>'),(7,'en','Ticketing','<p>Tiketing<br></p>'),(7,'id','Tiket','<p>Tiket<br></p>'),(3,'en','Tour Packages',NULL),(3,'id','Paket Wisata',NULL),(4,'en','Venues','<p xss=\"removed\">Lorem ipsum dolor sit amet, sit id duis quisque nunc pulvinar nulla, donec sem morbi, elit quis ipsum nunc, metus veritatis quisque pede nunc morbi. Lorem primis lobortis semper fames cras vel, viverra posuere congue erat. Ac nibh eros elit dolor, molestie ac eget a ante ex, massa tortor sapien, per vivamus luctus scelerisque, urna lorem urna a consequat ut sit. Sed proin laoreet lacus, vel penatibus, sit libero urna ligula vestibulum, et molestiae donec. Nunc vitae arcu, ipsum et phasellus. Rhoncus curabitur in donec metus, eget blandit magna ante phasellus mauris, porttitor quam nec tempus mattis, eu dictumst velit varius a. Odio lacus in. Per ligula suscipit. Purus eget lobortis pellentesque, elit pulvinar euismod in nulla nulla sed, velit mi ac, eu autem sit, quae erat phasellus nam dictum.</p><p xss=\"removed\"><br></p><p xss=\"removed\">Amet et in ac, non turpis auctor vulputate etiam, diam duis sed, eros in vitae sem elementum fermentum. Incidunt egestas fringilla amet, in at sollicitudin egestas posuere sapien volutpat, taciti blandit. Et enim, ante et vitae risus omnis interdum sed, tenetur congue tortor justo ipsum. Morbi viverra nisl, ultricies tristique curabitur per cursus, tellus nam id nibh fermentum ipsum vitae. At ullamcorper tellus nec vel pariatur congue, pretium quisque, massa a amet ut wisi, cubilia porttitor, sagittis dui tincidunt faucibus. Mattis sollicitudin phasellus fermentum est elit aliquam, et torquent aliquam volutpat per vehicula dignissim, mattis risus, mi in maecenas nunc, porta pellentesque massa. In eros in, lorem non erat sapien eros, penatibus sit elementum, malesuada vehicula.</p><p xss=\"removed\"><br></p><p xss=\"removed\">Tempor praesent tellus mattis ac nibh turpis. At rutrum rutrum. Nec habitasse pretium dignissim morbi amet eget, vitae metus nulla ipsum, faucibus mauris nibh mattis lectus tristique donec, lacus fames nam orci maecenas at egestas, vestibulum lacus vestibulum. Tortor euismod ut praesent dignissim. Vel lectus ac. Nibh proin rutrum imperdiet tempor mauris dolor, vestibulum rhoncus elit vel diam. Taciti dui sociis vestibulum. Suscipit nullam nec risus, sem arcu consequat etiam proin consectetuer feugiat, magna amet dignissim, dapibus dolor semper turpis morbi donec, repellat mauris tristique proin. Pede in neque semper sed cursus id. Augue dolor convallis, arcu arcu, consectetuer aenean et id. Sed interdum elit, non tortor sollicitudin vel sapien. Turpis et ornare, a lectus, consequatur tellus augue pretium interdum suspendisse cumque.</p><p xss=\"removed\"><br></p><p xss=\"removed\">Convallis hendrerit. Morbi mollis in etiam, eiusmod sed phasellus tempus non sed orci, luctus morbi tortor maecenas integer nunc vel, suscipit amet nascetur. Lacinia nam vel volutpat lectus laboriosam in. Pellentesque nulla malesuada urna proin ac. Pretium wisi pellentesque, amet in, vitae ac. Wisi sed sed maecenas.</p><p xss=\"removed\"><br></p>'),(4,'id','Venues','<p xss=\"removed\">Lorem ipsum dolor sit amet, sit id duis quisque nunc pulvinar nulla, donec sem morbi, elit quis ipsum nunc, metus veritatis quisque pede nunc morbi. Lorem primis lobortis semper fames cras vel, viverra posuere congue erat. Ac nibh eros elit dolor, molestie ac eget a ante ex, massa tortor sapien, per vivamus luctus scelerisque, urna lorem urna a consequat ut sit. Sed proin laoreet lacus, vel penatibus, sit libero urna ligula vestibulum, et molestiae donec. Nunc vitae arcu, ipsum et phasellus. Rhoncus curabitur in donec metus, eget blandit magna ante phasellus mauris, porttitor quam nec tempus mattis, eu dictumst velit varius a. Odio lacus in. Per ligula suscipit. Purus eget lobortis pellentesque, elit pulvinar euismod in nulla nulla sed, velit mi ac, eu autem sit, quae erat phasellus nam dictum.</p><p xss=\"removed\"><br></p><p xss=\"removed\">Amet et in ac, non turpis auctor vulputate etiam, diam duis sed, eros in vitae sem elementum fermentum. Incidunt egestas fringilla amet, in at sollicitudin egestas posuere sapien volutpat, taciti blandit. Et enim, ante et vitae risus omnis interdum sed, tenetur congue tortor justo ipsum. Morbi viverra nisl, ultricies tristique curabitur per cursus, tellus nam id nibh fermentum ipsum vitae. At ullamcorper tellus nec vel pariatur congue, pretium quisque, massa a amet ut wisi, cubilia porttitor, sagittis dui tincidunt faucibus. Mattis sollicitudin phasellus fermentum est elit aliquam, et torquent aliquam volutpat per vehicula dignissim, mattis risus, mi in maecenas nunc, porta pellentesque massa. In eros in, lorem non erat sapien eros, penatibus sit elementum, malesuada vehicula.</p><p xss=\"removed\"><br></p><p xss=\"removed\">Tempor praesent tellus mattis ac nibh turpis. At rutrum rutrum. Nec habitasse pretium dignissim morbi amet eget, vitae metus nulla ipsum, faucibus mauris nibh mattis lectus tristique donec, lacus fames nam orci maecenas at egestas, vestibulum lacus vestibulum. Tortor euismod ut praesent dignissim. Vel lectus ac. Nibh proin rutrum imperdiet tempor mauris dolor, vestibulum rhoncus elit vel diam. Taciti dui sociis vestibulum. Suscipit nullam nec risus, sem arcu consequat etiam proin consectetuer feugiat, magna amet dignissim, dapibus dolor semper turpis morbi donec, repellat mauris tristique proin. Pede in neque semper sed cursus id. Augue dolor convallis, arcu arcu, consectetuer aenean et id. Sed interdum elit, non tortor sollicitudin vel sapien. Turpis et ornare, a lectus, consequatur tellus augue pretium interdum suspendisse cumque.</p><p xss=\"removed\"><br></p><p xss=\"removed\">Convallis hendrerit. Morbi mollis in etiam, eiusmod sed phasellus tempus non sed orci, luctus morbi tortor maecenas integer nunc vel, suscipit amet nascetur. Lacinia nam vel volutpat lectus laboriosam in. Pellentesque nulla malesuada urna proin ac. Pretium wisi pellentesque, amet in, vitae ac. Wisi sed sed maecenas.</p><p xss=\"removed\"><br></p>'),(8,'en','Tiket Masuk Candi',''),(8,'id','Temple Entrance Ticket','');

/*Table structure for table `cms_slider` */

DROP TABLE IF EXISTS `cms_slider`;

CREATE TABLE `cms_slider` (
  `slider_id` int(11) NOT NULL AUTO_INCREMENT,
  `slider_link` text,
  `slider_order` int(11) DEFAULT NULL,
  `slider_img` text,
  `slider_status` tinyint(1) DEFAULT NULL COMMENT '0=not active, 1=active',
  `insert_user_id` bigint(20) DEFAULT NULL,
  `insert_datetime` datetime DEFAULT NULL,
  `update_user_id` bigint(20) DEFAULT NULL,
  `update_datetime` datetime DEFAULT NULL,
  PRIMARY KEY (`slider_id`)
) ENGINE=InnoDB AUTO_INCREMENT=10 DEFAULT CHARSET=latin1;

/*Data for the table `cms_slider` */

insert  into `cms_slider`(`slider_id`,`slider_link`,`slider_order`,`slider_img`,`slider_status`,`insert_user_id`,`insert_datetime`,`update_user_id`,`update_datetime`) values (7,'',2,'8432a4d5767e2ab9042b4434b774b5e3.jpeg',1,5,'2019-09-19 21:55:39',6,'2019-11-19 15:58:11'),(8,'',3,'07d64be5d524d735559415294263ed7d.jpeg',1,5,'2019-10-22 22:36:34',6,'2019-11-19 16:00:02'),(9,'',1,'145e46ebc43ade119dabd286cb59a1f3.jpeg',1,6,'2019-11-19 15:54:47',6,'2019-11-19 15:56:27');

/*Table structure for table `cms_slider_text` */

DROP TABLE IF EXISTS `cms_slider_text`;

CREATE TABLE `cms_slider_text` (
  `slidertext_slider_id` int(11) DEFAULT NULL,
  `slidertext_lang` varchar(5) DEFAULT NULL,
  `slidertext_title_link` varchar(250) DEFAULT NULL,
  `slidertext_title` varchar(250) DEFAULT NULL,
  `slidertext_text` text,
  KEY `slidertext_slider_id` (`slidertext_slider_id`),
  KEY `slidertext_lang` (`slidertext_lang`),
  CONSTRAINT `cms_slider_text_ibfk_1` FOREIGN KEY (`slidertext_slider_id`) REFERENCES `cms_slider` (`slider_id`) ON DELETE CASCADE ON UPDATE CASCADE
) ENGINE=InnoDB DEFAULT CHARSET=latin1;

/*Data for the table `cms_slider_text` */

insert  into `cms_slider_text`(`slidertext_slider_id`,`slidertext_lang`,`slidertext_title_link`,`slidertext_title`,`slidertext_text`) values (9,'en','','Bhumi Visatanda',''),(9,'id','','Bhumi Visatanda',''),(7,'en','More Info','BHIVA',''),(7,'id','Info Lebih lanjut','BHIVA',''),(8,'en','','INDONESIA',''),(8,'id','','INDONESIA','');

/*Table structure for table `cms_termcondition` */

DROP TABLE IF EXISTS `cms_termcondition`;

CREATE TABLE `cms_termcondition` (
  `termcondition_id` tinyint(1) NOT NULL AUTO_INCREMENT COMMENT 'id harus selalu 1',
  `insert_user_id` bigint(20) DEFAULT NULL,
  `insert_datetime` datetime DEFAULT NULL,
  `update_user_id` bigint(20) DEFAULT NULL,
  `update_datetime` datetime DEFAULT NULL,
  PRIMARY KEY (`termcondition_id`)
) ENGINE=InnoDB AUTO_INCREMENT=2 DEFAULT CHARSET=latin1;

/*Data for the table `cms_termcondition` */

insert  into `cms_termcondition`(`termcondition_id`,`insert_user_id`,`insert_datetime`,`update_user_id`,`update_datetime`) values (1,1,'2019-09-21 23:11:54',5,'2019-11-13 08:22:28');

/*Table structure for table `cms_termcondition_text` */

DROP TABLE IF EXISTS `cms_termcondition_text`;

CREATE TABLE `cms_termcondition_text` (
  `termconditiontext_termcondition_id` tinyint(1) DEFAULT NULL,
  `termconditiontext_lang` varchar(5) DEFAULT NULL,
  `termconditiontext_text` text,
  KEY `termconditiontext_termcondition_id` (`termconditiontext_termcondition_id`),
  KEY `termconditiontext_lang` (`termconditiontext_lang`),
  CONSTRAINT `cms_termcondition_text_ibfk_1` FOREIGN KEY (`termconditiontext_termcondition_id`) REFERENCES `cms_termcondition` (`termcondition_id`) ON DELETE CASCADE ON UPDATE CASCADE
) ENGINE=InnoDB DEFAULT CHARSET=latin1;

/*Data for the table `cms_termcondition_text` */

insert  into `cms_termcondition_text`(`termconditiontext_termcondition_id`,`termconditiontext_lang`,`termconditiontext_text`) values (1,'en','<p>TERMS OF USE</p><p>TERMS OF USE BELOW MUST BE READ BEFORE USING THIS SITE. THE USAGE OF THIS SITE INDICATES ACCEPTANCE OF THE TERMS AND CONDITIONS BELOW.</p><p><br></p><p>www.traveloka.com site (\"Site\") is managed by Traveloka (\"we\", \"us\", or \"our\"). By accessing and/or use of the Site, you acknowledge that you have read and understood, and agree to the Terms of Use set out below and other terms and conditions in relation to the Site, including but not limited to confidentiality and FAQs, which form an integral part of these Terms of Use (“Terms”). You must be at least eighteen (18) years old to use the Site.</p><p><br></p><p>Please note that we may change, modify, add and delete these Terms at any time without prior notice. The Terms must be read periodically. By continuing to use this Site after such changes to these Terms, visitors, users or Registered Users (\"you\" or \"user\") agree and consent to the changes. If you use any of our other services, then your usage is based on the submission to and acceptance of the terms and conditions applicable to such services.</p><p><br></p><p>SCOPE OF OUR SERVICES</p><p>Through the Site, Traveloka provides an online platform where you can browse different types of airlines, train and other transportation services, temporary accommodation and lodging (as applicable), and cards, as well as make a reservation and/or purchase (“Services”). Users can make bookings of services provided by hotels, airlines, train or other transportation operators, events promoter, tourist attraction operator, travel agency, telecommunication operator and/or any other service provider in cooperation with Traveloka (“Vendors”) on the Site. By placing an order through the Site, you will be able to book and/or purchase the airline tickets, train or other transportation tickets, hotel rooms, event entrance tickets, tourist attraction entrance tickets, tour packages, prepaid credits, voucher for prepaid sim-card, or other services. We will provide a booking confirmation via email. We reserve the right to refuse the booking for reasons set forth below.</p><p>Although we will use our expertise with caution in performing the services, we do not verify, and do not guarantee, that all information provided is accurate, complete, correct or the latest available, and we are not responsible for any errors (including placement and typing errors), obstruction (either because of temporary and/or partial, damage, repair or improvement to the site or otherwise), inaccurate, misleading or false information or non-delivery of information.</p><p>Changes in market conditions or circumstances that occur can lead to changes in a short time causing the information provided to be inaccurate or not applicable. In case of any problems, contact customer service and they will assist you.</p><p>This Site does not make any representations and should not be construed as making any recommendations or suggestions of the level of service quality or rating of the Vendors listed on the Site. We hereby declare denial of any claims, losses or liability with respect to the quality or status of existing Vendors listed on the Site (who provide airline, hotel or other services). Vendors may be introduced in the form of different classes based on factors including but not limited to their reviews, ratings or any other factors. The given rating is calculated based on automated algorithms that can be updated and changed as per our discretion.</p><p>We have the right to not accept any user or booking (or in certain cases cancel the booking confirmation) at our sole discretion and for any cause without giving reasons for the rejection/refusal/cancellation. The reasons for rejecting a user or booking or cancelling a booking confirmation may include but are not limited to: breach of these Terms, trade or economic sanctions by global or national authorities, embargo, prohibitions in regulations, fraud or theft (or indication or suspicion of fraud or theft), suspicion of criminal activity, suspicious ordering, services not being available or no longer being made available by the Vendor, user providing inaccurate, erroneous or misleading information, problems with credit card electronic communications, information or transactions, inappropriate behavior, threats, insults, refusal to provide information, practical impediments, communication difficulties or breakdowns, a Real Mistake (hereinafter described below), history of breaches of these Terms, or being placed on any “black lists” or “watch lists” by governments or international organizations. We can at anytime delete or remove (\"Removed\") membership of the user of this Site, either temporarily or permanently. Removed Users are prohibited to attempt using the Site in any other name or through other users (hereinafter described in the Fraud Prevention Mechanism condition).</p><p>In a particular case, we may cancel or reject reservations with respect to the \"Real Mistake\", which does not depend on where the error originated. A Real Mistake is a fault on the Site (for example, in terms of price) which no reasonable person would consider appropriate or to make business sense. The amount charged shall be reimbursed without further charges in such a case.</p><p>Every payment related to the booking or reservation of the Services shall be made directly to Traveloka bank account or Traveloka payment channels. Traveloka shall not be responsible for the validity of the reservation, if the payment is not being made directly to Traveloka bank account or Traveloka payment channels.</p><p>CANCELLATIONS</p><p>By making a booking, order or reservation through the Site, you accept and agree to the terms and conditions of applicable Vendors, including policies regarding cancellation and/or absence, or your specific requests which may be given to the Vendors. Traveloka is not responsible for any violation of these terms and conditions which are agreed on between the Vendor and the user, or which are based on the user’s specific requests, so please read the Vendors’ terms and conditions carefully.</p><p>Regarding refunds, Traveloka may be able to withhold or take part of the amount paid to reimburse the costs that have been incurred in connection with the cancellation.</p><p>SPECIAL REQUESTS</p><p>In the event of any special requests (for example: rooms to be easily accessible by wheelchair, wheelchair assistance for people with disabilities at the hotels or airplanes, change of name, change of date, adding “frequent flyer” points or equivalent, availability of the event’s seat tickets, special equipment/tools needed for the tour packages or equivalent), the user can insert the request when making a booking on the Site or contact the Vendor directly (as applicable). The request will be addressed at the Vendor’s and Traveloka’s discretion, based on availability and other factors. our special requests may be subject to additional charges and/or fees by the relevant Vendor based on the discretion and/or policy of the relevant Vendor. Traveloka is not responsible for the availability and/or fulfillment of your special requests by the Vendor.</p><p>In the event of rescheduling (including but not limited to changes of date, route and/or passenger) by the user, Traveloka reserves its rights to cancel any new bookings created through the rescheduling process if the initial booking is no longer valid (including but not limited to instances where the ticket has actually been used or refunded).</p><p>TRAVEL ADVICE</p><p>By displaying particular destinations, Traveloka does not represent or warrant that travel to such points is advisable or risk-free and Traveloka must not be held liable for damages or losses that may result from travel to such destinations. Under no circumstances shall Traveloka be held liable for any adverse incidents occurring during your trip or your stay. You are personally responsible for the selection of travel, travel route and destination, for the entire duration of your trip. Traveloka is not responsible for any loss that occurs when you fail to bring required travel documents, such as your passport, e-ticket, e-voucher, and any other reasons caused by your willful misconduct and/or negligence. Traveloka shall also not responsible for any willful misconduct and/or negligence caused by the Vendor.</p><p>Should you purchase roundtrip tickets under the same Airline Booking Code (Passenger Name Record, abbreviated as PNR), both the departure and return tickets must be used in full, as written in the itinerary of your Traveloka e-ticket. Use of (i) only the departure or the return ticket; or (ii) partial use of any segment of the roundtrip flight, may cause the other ticket to be invalid and not refundable. Traveloka will not be responsible for any consequence resulting from violation of these terms and conditions.</p><p>You shall be solely responsible to obtain, maintain and have available for presentation, the proper and valid travel permits or foreign entry requirements (including, but not limited to, visas or other travel permits and documents, whether for transit or otherwise) applicable to you prior to finalizing your travel arrangements in accordance with the prevailing laws of the country you are traveling from, into, over or transiting in. Traveloka has no obligation and shall not be responsible to notify you of the travel arrangements and permits necessary for you to be able to carry out your travel plans. Traveloka reserves its right to limit its liability in the case of any losses or damages arising out of or in relation to your travel permits.</p><p>RATINGS</p><p>Ratings shown on the Site are only provided for the information of users only, and existing ratings are based on information given by third parties such as suppliers, users or other review websites. We do not verify the rating given and are therefore not responsible for the accuracy of the existing rating. We hereby declare denial of any claims, losses or liability with respect to the ratings shown on the Site.</p><p>PRICE AND PROMOTION</p><p>We may offer lower prices and/ or promotions from time to time. Please note that these may involve different conditions and requirements as it relates to booking and refund policies.</p><p>If there is any promotion provided directly by the Vendor, then the rights and authority over the promotion will be fully under the Vendor and may not be applied for the reservation conducted through Traveloka.</p><p>ADDITIONAL CHARGES & REFUNDS</p><p>Each price listed on the Site is only available with certain conditions and these prices may change depending on the availability of booking, length of booking and/or other factors. Available prices can include additional taxes and other charges, but in certain circumstances it may not include taxes and other service charges (e.g., tips for tour guides, other facilities charges (if any), and other charges/fees which may arise from the use of services other than those provided by Traveloka (if any)); The user agrees that they are responsible for verifying the total cost to be paid and other terms and details when the confirmation email is sent. The user must verify the booking on the booking sheet; the user can cancel the booking at any time before the final confirmation is done. Prices shown are detailed so that users can see the amount to be paid, any additional costs due to the use of credit cards or inter-bank fees charged for the shipping fees will be charged to the user. If there is a discrepancy in the amount paid, Traveloka will provide an email notification of the amount to be paid by the user. In the event that a user cancels the booking before paying in full any existing shortcomings, Traveloka has sole discretion whether to refund the amount paid or refund an amount reduced by the costs incurred by Traveloka as a result of non-payment of the cost of these shortcomings by users in accordance with procedures prescribed by Traveloka. If the user has any doubt about the service, the user can contact Traveloka customer service (during customer service operational hours). For any other cancellations, Traveloka will work with you to refund amounts already paid by you, reduced by the costs incurred by Traveloka, e.g. inter-bank transfer fees. Refunds may not be immediate depending on your initial mode of payment. You can contact Traveloka customer service for further details on the estimated duration for receiving your refund and we will assist you as best as we can.</p><p>Traveloka shall not be held responsible or liable for any cancelled issuing of e-tickets, e-vouchers, or other transactions caused by inaccurate transfer amounts, or exceeding the time limit for transfers or any payment that is not being made directly to Traveloka bank account or Traveloka payment channels. For real-time inter bank transfers, you must use an ATM. After completing the inter-bank transfer, please confirm your payment by filling in the payment confirmation form.</p><p>ADDITIONAL CHARGES FROM HOTELS</p><p>Please note that all prices for hotel reservations provided through our Site (the “Hotel Price”) are based on your selections, such as for the requested period of stay and number of guests, unless otherwise specified. Hotel room reservation rates are quoted per room and per night. You are responsible for verifying whether your selection and any additional requests or services are reflected in the price displayed on the Site (such as the Hotel Information provided before the final booking confirmation) and/ or in the email-coupon confirmation. Breakfast is usually not included, unless otherwise stated. Hotel resort fees and other mandatory costs (see description below) and local taxes, tourist, or occupancy charges (if any) will be paid by you, and are usually not taken into account in the Hotel Price unless otherwise stated. You are responsible for verifying any explanations or policies provided by the hotel on the Site. Insurance of any kind is not included in the rate, unless otherwise stated. The standard hotel room reservation is for one or two guests; an additional charge will usually be required for an extra bed. The hotel can refuse to accept additional guests if not notified in advance.</p><p>Please note that some hotels may charge you a resort fee, but may require additional charges (or the like) to use certain services. The resort fee is usually not included in the Hotel Price; more details will be included in the hotel’s description on the Site. You may also be charged directly by the hotel for products and services including but not limited to: energy surcharge, baggage handling fees, the cost of delivery of newspapers, in-room security costs, travel/tour fees, or the cost for cleaning the rooms under extraordinary circumstances. This practice of additional hotel charges is beyond Traveloka’s control.</p><p>Optional incidental expenses and personal consumption charges (such as those incurred during the Hotel stay) are not usually included in the Hotel Price. Such charges include but are not limited to: parking fees, in-room minibar charges, telephone charges, room service, food and beverage costs, special (gala) dinner costs, movie rentals / movies-on-demand, and Internet usage costs. During certain peak holiday seasons, some hotels may make their special dinners compulsory (such as for the New Year, Christmas, Chinese New Year and other events). Such charges are not included in the room rate, but will be displayed on the booking form. Please refer to more details listed under \"Hotel Information\", \"Requirements Booking\", \"Cancellation Policy\" or similar headings on the Site. If you are unsure whether or not a charge is included in the tariff, please contact our customer service team to clarify.</p><p>Certain hotels may add fees for transport or transfer to and from the airport. This is a common practice for travelling between islands (such as the Maldives), in order to reach the hotel. Such transportation is always governed by the hotel, and is offered by or on behalf of the hotel, which is responsible for the transportation service. Traveloka does not arrange any transport and is not responsible for such transport service. You agree that Traveloka is not responsible for the quality, safety, frequency or service level of the transportation services, and for any loss or damage that may result from the use of such transportation services.</p><p>In some jurisdictions, hotels may be required by law to directly collect occupancy tax or local city tax from guests. Government authorities may also declare additional taxes and may require the hotel to collect such taxes directly. You agree to pay any and all of such taxes/costs to the hotel directly upon checkout, unless otherwise specified. If you have any questions, please contact Traveloka Customer Service regarding any additional costs that may be included in the Hotel Price.</p><p>USER ACCOUNT</p><p>For registration purposes, we will collect and process your personal information, such as your name, electronic mail (e-mail) address, and your mobile phone number when you register. You must provide us with an accurate, complete, and latest information and agree to provide us with any proof of identity that we may reasonably request.</p><p>Only you can use your own account and you represent and warrant that you will not authorize any other party to use your identity or your account for any reason, unless permitted by Traveloka.</p><p>You cannot assign or transfer your account to any other party.</p><p>You must maintain the security and confidentiality of your account password and any identification we provide to you. In the event of any disclosure of your password, in any way whatsoever resulting in any unauthorized use of your account or identity, order(s) received from such unauthorized use shall still be considered as valid orders and we will process such order(s). You hereby declare that Traveloka is not responsible for any loss or damage arising from the misuse of your account.</p><p>If you no longer have control over your account, you are required to immediately notify us (e.g., your account is hacked in any way or your phone is stolen) so we can temporarily block and/or inactivate your account properly. Please note that you are responsible for your use of your account and may be liable for your account even if your account is misused by others.</p><p>Traveloka has the full right to temporarily block, delete, or inactivate the User’s account at our sole discretion and for any cause without giving reasons for blocking, deletion, or inactivation of the User’s account. The reasons for blocking, deletion, or inactivation of the User’s account may include but are not limited to:</p><p>breach of these Terms,</p><p>prohibitions in regulations,</p><p>fraud or theft (or indication or suspicion of fraud or theft),</p><p>suspicion of criminal activity,</p><p>suspicious ordering,</p><p>User providing inaccurate, erroneous or misleading information,</p><p>inappropriate behavior, threats, or insults,</p><p>refusal to provide information,</p><p>practical impediments,</p><p>communication difficulties or breakdowns, or</p><p>User is listed on any “black lists” or “watch lists” by governments or international organizations.</p><p>MEMBERSHIP PROGRAM</p><p>By registering with Traveloka, you will automatically be a member of our loyalty program named “TravelokaClub” operated by Traveloka.</p><p>As a member of TravelokaClub, you will gain access to the points, promotions, discounts, features, or other benefits offered by Traveloka and/or third party merchants as made available from time to time in the Application. For avoidance of any doubt, we may from time to time change, remove, or make unavailable part or whole points, promotions, discounts, features, or other benefits offered by us.</p><p>For full information regarding points and its qualification, please refer to https://www.traveloka.com/en/loyalty-points</p><p>PAYMENT DETAILS AND PROCEDURES</p><p>Payments are made in the amount and currency as stated not including bank fees or any other charges by Traveloka.</p><p>Traveloka does not collect taxes or levies. If a hotel or city destination charges taxes, those taxes are the responsibility of the user.</p><p>For all forms of reservations, you must make payment within the specified time limit. If the payment is not made, then Traveloka reserves the right to cancel all reservations.</p><p>Payment methods include but are not limited to bank transfer and credit card. For payment by bank transfer, you must provide the bank transfer receipt as proof of payment of reservations listed in the Traveloka confirmation email. You must follow the procedures contained in the confirmation email.</p><p>For other payment methods such as credit card, you must follow the procedures stated by Traveloka and/or the relevant payment service provider.</p><p>After you make full payment, Traveloka will place the order and issue a reservation code, which will be accompanied by:</p><p>Booking Code;</p><p>Customer Name;</p><p>Number Booking;</p><p>Booking Details; and</p><p>Phone Number / Extension.</p><p>PAYMENT BY CREDIT CARD & FRAUD</p><p>For payment of bookings placed through this Site, your credit card will be billed by Traveloka for the full price at the time of booking and confirmation of the booking (any refund that may be given will depend on the conditions of the existing reservations). You must check the booking details thoroughly each time before you make a reservation. Traveloka will process any refund, as applicable, within a reasonable period. For certain reservations, you may have to pay the Vendor deirectly. In order to safeguard and encrypt Your credit card information when in transit to us, we use encryption technology such as Transport Layer Security (“TLS”) or Secure Sockets Layer (“SSL”) to ensure the integrity of your information.</p><p>In the case of credit card fraud or unauthorized use of your credit card by a third party, you must contact your bank or card issuer immediately after realizing such unauthorized use. In such a case, Traveloka takes no responsibility over any case of credit card fraud or unauthorized use of your credit card by a third party, regardless of whether such fraud or unauthorized use was carried out through Traveloka services (including, but not limited to, TravelokaQuick). Traveloka is not obliged to make refunds or repayments to you as a result of such fraud. As part of our goodwill, we may provide a form of compensation to you subject to review and approval by us. You shall only be eligible to request compensation only if such reservations have been made through our secure servers and the fraud or unauthorized use of your credit card is a result of our default or negligence and through no fault of your own while using the secure server. We accept no liability of the fraud or unauthorized use of your credit card if it was done through applications or servers other than our own or if it is as a result of a fault or negligence of your own. If you suspect any unauthorized reservations or fraud committed on Traveloka, you must contact our Customer Service team immediately.</p><p>To make a reservation you must be aged over eighteen (18) years old and have full legal capacity to make the transaction (or have authorization from your legal guardian). You must use a credit or debit card that you own, issued in your name, and make sure that there are sufficient funds to cover the transaction costs. Any fees incurred by you for authorizing a transaction that results in an over-drawing of your account are not the responsibility of Traveloka.</p><p>You shall ensure that the details you provide to us are completely accurate. Traveloka reserves the right to not accept certain credit cards. Traveloka can add or remove other payment methods at our sole discretion.</p><p>In certain cases, we may require additional information or verification to validate and confirm the booking, as described in more detail on the Site. Reservations are not confirmed until you have received a confirmation email with an e-ticket or voucher and there is the possibility that the Vendor can implement fraud examination mechanisms during the booking process. If fraud occurs or is determined to occur, then the booking will be void. Traveloka shall not bear any responsibility for such cancellations by the Vendor. If you choose not to submit additional information, reservations will not be completed and will be voided.</p><p>RIGHTS AND OBLIGATIONS</p><p>Traveloka hereby grants the user certain limited rights (constituting a “Limited Licence”), which cannot be transferred or assigned, to access and use the Site to the extent expressly permitted by these Terms. In connection with this Limited Licence, we are not granting you any other rights or licences with respect to use of the Site; rights or licenses not expressly granted, are wholly owned by Traveloka or other third party owners of such licence. Content available on the Site (including the software infrastructure used to provide the Content) is wholly owned by Traveloka or its suppliers and service providers, including but not limited to its Vendors (as applicable). You can use the site to place orders and you hereby guarantee that you will not submit false reservation requests. You hereby declare to ensure that the payment information you provide is accurate. You also guarantee providing an accurate email and mailing address as well as other details of your contact information.</p><p>In relation to the Terms of Use of the Site, you agree to not use the Site or the Content for commercial purposes or either directly or indirectly for other than personal use or for unlawful purposes (prohibited by law) or do any acts that violate the Terms. Except with the written consent of Traveloka, you agree not to modify, copy, distribute, transmit, display, perform, reproduce, publish, license, create derivative creations from, transfer, sell or re-sell any information, software, products or services obtained in connection with the Site. In addition, you agree not to:</p><p>use this Site or the Content for commercial purposes without permission from Traveloka;</p><p>access, monitor or copy any Content on the Site using technology, software, or any program either manually or automatically for any purpose without written permission from Traveloka;</p><p>perform any action that imposes or may impose, an unreasonable burden on our Site or Site infrastructure;</p><p>make a major link to this Site (including but not limited to the booking path) for any purpose without the written consent from Traveloka;</p><p>resell, use, copy, perform surveillance (such as using or installing spider or scrape programs), display, download or perform any Content production, software, products, services available through the Site for commercial purposes or objectives/activities of competition;</p><p>reproduce the Site (through a \"frame\" or \"mirror\") or set up a part of this Site on any other web site without prior written consent;</p><p>send an announcement to or through the Site that violates any law, regulation, or rules, or which can support unlawful or criminal activities;</p><p>transmit or provide links to any materials that defame, slander, or lie;</p><p>transmit or provide links to each announcement containing the terms of defamation, slander, and lies;</p><p>transmit or conduct announcements that may infringe upon the intellectual property or other rights of a particular entity or person, including but not limited to copyrights, patents, trademarks, trade secrets, confidential information or publications;</p><p>transmit announcements where prohibited by applicable law or violate the rights and obligations that exist based on the contractual relationship;</p><p>imitate any person or entity for any purposes;</p><p>manipulate or falsify information with the aim to disguise the origin of statements provided;</p><p>use the Site in any manner which could damage, disable, obstruct, or interfere with the use of the Site or other users of computer equipment, or cause damage, disruption or limit the functionality of the software, hardware or telecommunications equipment;</p><p>gain unauthorized access or perform unauthorized modification to the Site or other related website, other accounts, computer systems, networks connected to the Site through hacking, password theft or other similar matters;</p><p>obtain or attempt to obtain any materials or information by ways that are not intentionally supplied by the site (including but not limited to other destinations provided by this Site). This includes but is not limited to, obtaining or collecting information about others such as email addresses;</p><p>engage in fraudulent acts or actions that aim to manipulate a search engine results page (“SERP”) or perform search engine optimization (“SEO”). SEO practices considered unethical or to constitute \"spamdexing\" include but are not limited to cloaking, metadata, title tags, content scraping, link schemes, google bomb, search keywords, hidden text or hidden links, link schemes, comments containing spam and other matters; or</p><p>any other action which may adversely affect or result in damage to the Site, Traveloka or its affiliates and employees, or Traveloka’s reputation.</p><p>Unless expressly specified otherwise, the web site is not allowed to make links to other pages other than the Main Site pages or frames or web page or material contained in it, or making links to aspects of the Site in the form of an email with a commercial purpose without the express written approval of Traveloka.</p><p>By placing an order through this Site, you hereby represent and warrant that you are not subject to any prohibitions or restrictions by any sanctions program, or subject to any penalties under any anti-money laundering regime.</p><p>RIGHTS TO USER CONTENT</p><p>By completing a booking, you hereby agree to receive electronic mail containing an invitation to provide reviews or content reviews with respect to the selection of Vendors. Traveloka has sole discretion whether your review will appear on the site. Traveloka can display the review, which may contain comments, level of service and your name.</p><p>In providing a review, you agree to ensure that:</p><p>you own and control all of the rights to the reviews that you provide to the Site;</p><p>the content of the review is accurate and contains no misrepresentations; and</p><p>the use or performance or transmission of the content of the review does not violate the Terms or applicable laws and regulations, you are not violating any third party’s rights, and you are not causing injury to any party.</p><p>You must bear all responsibility for the content of the reviews that you provide or submit. You allow Traveloka to act when there is a party that violates your rights or the rights of Traveloka.</p><p>Content review provided will be deemed to not contain confidential information and Traveloka shall have no obligation to treat the content review as confidential information. Without limiting the provisions contained in the Terms, Traveloka has sole discretion to use the content review as deemed appropriate, including but not limited to removing, cutting, modifying, or otherwise editing the review. Traveloka shall have no obligation to pay for the content that you submit in a review, including but not limited to content review that has been changed, eliminated or cut. Traveloka shall have no obligation to provide or include or mention authors or other third parties.</p><p>In any case, you hereby agree that with respect to the content of the reviews:</p><p>You do not require any attribution or identification on any derivative works;</p><p>You consent that all content of reviews submitted to Traveloka may be used by Traveloka and its employees, successors, and transfer recipients in any way, at any time. This includes but is not limited to publishing, modification, and reproduction of the review either in its entirety or in partial form;</p><p>You hereby waive all rights and agree not to claim any rights in the content review; and</p><p>USAGE RESTRICTIONS</p><p>You hereby agree to not use the Site or the Content for unlawful or unauthorized activity. You agree that you will not use any equipment, software, or other technologies that may obstruct or attempt to obstruct the operation of this Site. You agree to not use this Site or its Content for commercial purposes. You agree not to seek, create, search for, use or send automated agents or other forms of technology to collect or obtain information from this Site, or otherwise interact with this Site.</p><p>INTELLECTUAL PROPERTY RIGHTS</p><p>All Intellectual Property Rights on this Site are owned by Traveloka. All information and materials, including but not limited to: software, text, data, graphics, images, sounds, videos, trade marks, logos, icons, html codes and other codes on this website are prohibited to be published, modified, copied, reproduced, duplicated or altered in any way outside the area of this Site without the express written permission of Traveloka. If you violate these rights, Traveloka reserves the right to bring a civil claim for the full amount of damages or losses suffered. These violations may also constitute criminal offences.</p><p>Traveloka and/or its affiliated companies are the owners of certain intellectual property rights (“Intellectual Property Rights”), including but not limited to the domain name, Site, trade marks, content, copyright, service marks, logos, symbols or other designs etc. Nothing in this Agreement shall be construed as granting you a licence or any rights, implied or otherwise, to use, possess, distribute or modify any of Traveloka’s Intellectual Property. Other product and company names contained on the Site, including names, trademarks, marks, service marks, logos, symbols or other designs may be owned or licensed for use by third parties. Use of third party intellectual property rights on the Site is not considered a recommendation or sponsorship for the Site by third parties. Traveloka owns copyright to the Site, and you are prohibited to use, possess, distribute or modify any of the Intellectual Property without express approval from Traveloka.</p><p>The Site contains Traveloka’s Intellectual Property, including but not limited to text, software, photos, graphics, video, music and sound. The whole of the Site’s Content is protected by copyright laws. We and our licensors own the copyright and/or other rights over the selection, coordination, arrangement, and repair of the Content and the original content. You must not modify, reproduce, copy, perform, display, publish, or exploit the Content, in whole or in part, unless you have express written consent from Traveloka.</p><p>Unless specified otherwise, the software required for the provision of services, the software available for use on this Site, and Intellectual Property Rights in the Content on the Site are owned by Traveloka, its affiliated or associated companies, licensors, suppliers and content providers. Traveloka shall not be responsible for intellectual property owned by third parties or for infringement of intellectual property rights owned by third parties.</p><p>You can use the information on the Site only for personal, non-commercial use. Unless specified otherwise, and expressly permitted by the copyright laws, you may not copy, reproduce, redistribute, retransmit, publish or otherwise commercially exploit any downloads you make from the Site without the permission of the owner of the intellectual property rights. Even if you obtain the necessary permission, you are forbidden to make changes or deletions. You hereby accept and agree that downloading any Intellectual Property does not grant you any rights over them.</p><p>We may provide links onto other sites maintained by other parties. By clicking on the link, you hereby represent, acknowledge and agree that such action is your voluntary action to view or enter other sites that Traveloka does not supervise or bear responsibility for.</p><p>Traveloka in making the Site, preparing the source code and performing software support, can license the use of open source software from third parties through the GNU General Public Licence (“GPL”), Any use by Traveloka of open source software and the intellectual property rights of a third party are with the necessary licences or permits.</p><p>CLAIMS OF INTELLECTUAL PROPERTY RIGHTS INFRINGEMENT</p><p>If there is evidence of violations of your Intellectual Property Rights, you or your representative (collectively, the \"Sender\") may send a notice containing the following details listed below:</p><p>Name and address of the Sender;</p><p>In case the Sender is not the owner of the Intellectual Property Rights or license exclusive then it must include the name and address of the owner of the Intellectual Property Rights;</p><p>In case the Sender’s address is not in Singapore, the Sender shall provide a temporary address in Singapore;</p><p>Sender’s telephone number, facsimile (if any) and electronic mail address;</p><p>Sufficient details so as to prove the existence of intellectual property rights violations, including online addresses of electronic copies ;</p><p>Sender’s request to remove or disable access to the infringing electronic copy or version;</p><p>A statement that the Sender in good faith recognizes the violations as identified in paragraph (5) of this Clause;</p><p>A statement that the information provided in the notice is accurate;</p><p>A statement that the Sender (a) is the owner or exclusive holder of the intellectual property rights that are being violated; or (b) has the legal authority to act on the owner or exclusive holder\'s behalf; and</p><p>The statement that the Sender subjects to Singapore law and that all claims, disputes, controversies or differences arising out of intellectual property rights infringement shall first be submitted to the Singapore Mediation Centre for resolution by mediation in accordance with the Mediation Procedure. The Sender should state that they agree to participate in the mediation in good faith and agree to abide by the terms of any settlement reached.</p><p>The letter must be signed by the sender and delivered physically and via email to the following address:</p><p>2 Shenton Way, #18-01</p><p>Singapore 068804, Singapore</p><p><br></p><p>We will review and handle notifications in accordance with the above requirements and in accordance with Singapore law.</p><p>You agree to not hold Traveloka responsible for losses or damages that may occur as a result of fraud, forgery or false accusations of intellectual property rights infringement.</p><p>DISCLAIMER</p><p>YOU HEREBY DECLARE TO AND AGREE THAT TO THE EXTENT WHERE PERMITTED BY APPLICABLE LAW:</p><p>THE SERVICE AND THE CONTENT OF THIS SITE ARE PROVIDED ON THE BASIS OF \"AS IS\" AND \"AS AVAILABLE\". WE HEREBY EXPRESSLY STATE THAT WE DO NOT MAKE ANY KIND OF GUARANTEE OR WARRANT, WHETHER EXPRESS OR IMPLIED, WITH RESPECT TO THE MERCHANTABILITY OF A PRODUCT OR SERVICE, OR SUITABILITY OF THE PRODUCTS AND SERVICES WE PROVIDE FOR A PARTICULAR PURPOSE AND AGAINST NON-INFRINGEMENT WHERE APPLICABLE;</p><p>WE DO NOT GUARANTEE THAT: (i) THE FUNCTIONS, SERVICES AND SECURITY FEATURES PROVIDED IN THIS SITE WILL BE UNINTERRUPTED OR FREE FROM ERROR; (ii) ERRORS OR FAILURE WILL BE REPAIRED; OR (iii) THE SITE OR THE SERVER PROVIDE SERVICES THAT ARE FREE FROM VIRUSES, MALWARE OR HARMFUL COMPONENTS;</p><p>WE DO NOT WARRANT THE ACCURACY, AUTHENTICITY, INTEGRITY OR QUALITY OF THE CONTENT, SITES OR RESOURCES AVAILABLE TO AND FROM THE SITE INCLUDING, BUT NOT LIMITED TO, ANY GUARANTEE THAT THE CONTENT, SITES OR RESOURCES ARE FREE FROM SOURCE MATERIAL THAT IS MALICIOUS, INDECENT, OR CONTROVERSIAL;</p><p>WE DO NOT GUARANTEE OR WARRANT THAT YOU WILL BE GRANTED VALID TRAVEL PERMITS APPLICABLE TO YOU. WE DO NOT HAVE ANY RESPONSIBILITY TO NOTIFY YOU OR INDEMNIFY YOU IN THE EVENT THAT YOU SUFFER LOSSES OR DAMAGES RELATING TO YOUR LACK OF VISA OR TRAVEL PERMITS (INCLUDING, BUT NOT LIMITED TO, REFUSAL OF ENTRY, DEPORTATION).</p><p>ANY MATERIAL DOWNLOADED OR OTHERWISE OBTAINED THROUGH THE USE OF THIS SERVICE IS AT YOUR SOLE RESPONSIBILITY AND RISK. YOU VOLUNTARILY ASSUME SUCH RISK, AND YOU WILL BE FULLY RESPONSIBLE FOR DAMAGE TO YOUR COMPUTER SYSTEM OR LOSS OF DATA THAT RESULTS FROM DOWNLOADING ANY MATERIALS THAT ARE PROVIDED.</p><p>LIMITATION OF LIABILITY</p><p>WITHOUT PREJUDICE TO WHAT IS SET OUT IN THESE TERMS, EACH PARTY’S LIABILITY IS LIMITED AND EXCLUDED TO THE MAXIMUM EXTENT PERMITTED BY LAW, SUCH AS FOR PERSONAL INJURY AND DEATH. WE SHALL NOT BE LIABLE FOR ANY LOSSES OR DAMAGES, WHETHER DIRECT OR INDIRECT, RESULTING FROM OR CONNECTED TO YOUR USE OF THIS SITE OR USE OF THE LINKS ON THE SITE, INCLUDING BUT NOT LIMITED TO SPECIAL, INCIDENTAL, PUNITIVE OR CONSEQUENTIAL DAMAGES OR OTHER ECONOMIC LOSS, EVEN IF WE HAVE BEEN ADVISED OF THE POSSIBILITY OF LOSS OR DAMAGE THAT MAY OCCUR. THE ONLY AVAILABLE REMEDY FOR YOU IS TERMINATION OF USE OF THIS SITE.</p><p>INDEMNIFICATION</p><p>You hereby agree to indemnify and hold harmless Traveloka and its employees, affiliates, staff and partners, from and against any and all claims, demands, liability, damage or loss including legal fees, which arise as a result of claims of third parties in connection with: (a) your use of the Site; (b) Content that is given, provided or accessed through this Site; (c) your violation of the Terms; (d) violation of any other rights or obligations; and/or (e) any act or omission by you, whether negligent, unlawful or otherwise.</p><p>THIRD PARTY LINKS AND CONTENTS</p><p>The Site may contain links to websites operated by parties other than Traveloka. We do not control those sites or links and are not responsible for the content or privacy or other activities of such sites. We, or other third parties, may upload automated search results or provide links to other sites. We provide opportunities for third parties to deliver, load, transmit or otherwise make available any information, data, text, images, sound, graphics, video, messages, reviews, or other materials (\"Content\") through this Site. We do not review and/or do not have control over the site, source, and the Content. You agree that we are not responsible for the content or the availability of such sites and resources, and we do not endorse or recommend and are not responsible for the origin of the site or the Content. You hereby agree to release us from and against any and all liabilities, expenses, loss, or damage, directly or indirectly caused or allegedly caused by or in connection with the use of or account for the Content, site or resource.</p><p>TERMINATION</p><p>Traveloka has sole and full discretion to change, postpone, discontinue or stop this Site and/or part of the Site, including services or products that are made available in this Site, and/ or usage of this Site, or part thereof, at any time for any reason without prior notification to you.</p><p>In the event of termination, you remain bound by the obligations in these Terms, including but not limited to the warranties, indemnification, waiver and limitation of liabilities that you have agreed to.</p><p>Traveloka shall not be liable to you or any third-party for any termination or suspension of your access to the Site.</p><p>PRIVACY</p><p>Traveloka values Users’ confidentiality. Traveloka will endeavour to comply with the requirements of relevant data protection legislation when performing its obligations under these Terms. A separate Privacy Policy document sets out rights and obligations of Traveloka and the user in relation to privacy, available here.</p><p>GOVERNING LAW</p><p>These Terms shall be governed by and interpreted in accordance solely with the Laws of Singapore.</p><p>DISPUTE RESOLUTION</p><p>In the event of a dispute arising out of or in connection with these Terms, both Parties shall first discuss in good faith to reach an amicable resolution within sixty (60) days from the date of the notice of dispute. However, if such dispute may not be settled by mutual consultation within sixty (60) days, it shall be referred to mediation at the Singapore Mediation Centre in accordance with the Mediation Procedure. If the dispute remains unresolved, it shall be submitted to the exclusive jurisdiction of the courts of the Republic of Singapore.</p><p>GENERAL</p><p>These Terms shall constitute the entire agreement and understanding between you and Traveloka on the subject matter thereof, and shall supersede all prior agreements, whether written or oral, between you and Traveloka concerning the subject matter thereof.</p><p>To clarify, Traveloka does not manage or control the Vendors.</p><p>If you use the Site for or on behalf of a third-party (\"Third-party\"), such as a family member or a traveling companion, you are responsible for any error in the accuracy of information provided in connection with such use. In addition, you must inform the Third-party of all applicable terms and conditions. When using the Site for or on behalf of a Third-party, you agree to indemnify and hold Traveloka harmless from and against any and all liabilities, losses, damages, suits and claims including legal fees, arising from or connected to the breach of these Terms or negligence by you and/or the Third-party.</p><p>These Terms are drawn up in the English language. Any translation into another language is for convenience and information purposes only. In case of conflict between the English language version and any such translation, the English language version shall prevail. Headings in this Agreement are inserted for convenience only and shall not affect the interpretation or construction of these Terms.</p><p>In the event that any provision is determined to be unenforceable or invalid, by any court of competent jurisdiction, such provision shall nonetheless be enforced to the fullest extent permitted by applicable law and such determination shall not affect the validity and enforceability of any other remaining provisions. The severed provision shall be replaced by a provision approximating as much as possible the original wording and intent.</p><p>Failure by either Party to enforce any provision of these Terms at any time shall not be construed as a waiver of each Party’s rights to enforce the breach of such provision or any other provision in these Terms or as a waiver of any continuing, succeeding or subsequent breach of any provision or other provisions of these Terms.</p><p>You may not assign or transfer your rights or obligations under these Terms, without our prior written consent.</p><p>We reserve the right to amend or repeal the Terms (or parts thereof) in our sole discretion. We may amend the Terms at any time by posting a variation on the Site. The latest version of the Terms will supersede all previous versions.</p><p>Except where expressly stated, nothing in these Terms is intended to grant to any third party any right to enforce any term or to confer on any third party any benefits under these Terms. The application of the Contracts (Rights of Third Parties) Act (Cap. 53B) and any re-enactment is expressly excluded.</p><p>Notices given pursuant to these Terms shall be deemed sufficiently given if they are in writing and forwarded by registered post or recorded delivery service or equivalent to either Party (at our registered address, or otherwise notified).</p><p>By using our Services, you acknowledge that we may need to comply with additional terms and conditions provided by our suppliers that may be applicable for certain products. Specifically for certain hotel products provided by EAN.com L.P. (“EAN”), you agree that you will comply with the applicable EAN terms & conditions as stipulated in http://developer.ean.com/terms/en/.</p><p>FORCE MAJEURE</p><p>Traveloka shall not be liable for any non-performance or violation of these Terms, such as for transaction failure, restricted access to the Site, or any damage or harm to users caused by any act or condition beyond the reasonable control of either You or Us (“Force Majeure Event”). Force Majeure Events include but are not limited to natural disaster (floods, earthquakes), epidemic, riot, a declaration of war, war, military action, terrorist action, embargo, sanctions, changes in laws or regulations, lightning, hurricanes / typhoons / cyclones, labor strikes, demonstrations, airline or hotel bankruptcy or insolvency, and so forth.</p><p>Traveloka shall not be responsible for any damages or losses caused by any means to any party if Traveloka cannot process your order because of the Force Majeure Event.</p><p>ABOUT TRAVELOKA – FAQS</p><p>If you have any further questions please refer to the FAQs.</p><p>OTHERS</p><p>Certain products offered through this Platform are subject to the terms and conditions that can be accessed here (\"Secondary TnC\"). Your acceptance to this Terms and Conditions shall also constitute acceptance to the Secondary TnC. If you are not sure whether your reservation is subject to the Secondary TnC, please contact us to confirm before you execute the transaction.</p>'),(1,'id','<p>TERMS OF USE</p><p>TERMS OF USE BELOW MUST BE READ BEFORE USING THIS SITE. THE USAGE OF THIS SITE INDICATES ACCEPTANCE OF THE TERMS AND CONDITIONS BELOW.</p><p><br></p><p>www.traveloka.com site (\"Site\") is managed by Traveloka (\"we\", \"us\", or \"our\"). By accessing and/or use of the Site, you acknowledge that you have read and understood, and agree to the Terms of Use set out below and other terms and conditions in relation to the Site, including but not limited to confidentiality and FAQs, which form an integral part of these Terms of Use (“Terms”). You must be at least eighteen (18) years old to use the Site.</p><p><br></p><p>Please note that we may change, modify, add and delete these Terms at any time without prior notice. The Terms must be read periodically. By continuing to use this Site after such changes to these Terms, visitors, users or Registered Users (\"you\" or \"user\") agree and consent to the changes. If you use any of our other services, then your usage is based on the submission to and acceptance of the terms and conditions applicable to such services.</p><p><br></p><p>SCOPE OF OUR SERVICES</p><p>Through the Site, Traveloka provides an online platform where you can browse different types of airlines, train and other transportation services, temporary accommodation and lodging (as applicable), and cards, as well as make a reservation and/or purchase (“Services”). Users can make bookings of services provided by hotels, airlines, train or other transportation operators, events promoter, tourist attraction operator, travel agency, telecommunication operator and/or any other service provider in cooperation with Traveloka (“Vendors”) on the Site. By placing an order through the Site, you will be able to book and/or purchase the airline tickets, train or other transportation tickets, hotel rooms, event entrance tickets, tourist attraction entrance tickets, tour packages, prepaid credits, voucher for prepaid sim-card, or other services. We will provide a booking confirmation via email. We reserve the right to refuse the booking for reasons set forth below.</p><p>Although we will use our expertise with caution in performing the services, we do not verify, and do not guarantee, that all information provided is accurate, complete, correct or the latest available, and we are not responsible for any errors (including placement and typing errors), obstruction (either because of temporary and/or partial, damage, repair or improvement to the site or otherwise), inaccurate, misleading or false information or non-delivery of information.</p><p>Changes in market conditions or circumstances that occur can lead to changes in a short time causing the information provided to be inaccurate or not applicable. In case of any problems, contact customer service and they will assist you.</p><p>This Site does not make any representations and should not be construed as making any recommendations or suggestions of the level of service quality or rating of the Vendors listed on the Site. We hereby declare denial of any claims, losses or liability with respect to the quality or status of existing Vendors listed on the Site (who provide airline, hotel or other services). Vendors may be introduced in the form of different classes based on factors including but not limited to their reviews, ratings or any other factors. The given rating is calculated based on automated algorithms that can be updated and changed as per our discretion.</p><p>We have the right to not accept any user or booking (or in certain cases cancel the booking confirmation) at our sole discretion and for any cause without giving reasons for the rejection/refusal/cancellation. The reasons for rejecting a user or booking or cancelling a booking confirmation may include but are not limited to: breach of these Terms, trade or economic sanctions by global or national authorities, embargo, prohibitions in regulations, fraud or theft (or indication or suspicion of fraud or theft), suspicion of criminal activity, suspicious ordering, services not being available or no longer being made available by the Vendor, user providing inaccurate, erroneous or misleading information, problems with credit card electronic communications, information or transactions, inappropriate behavior, threats, insults, refusal to provide information, practical impediments, communication difficulties or breakdowns, a Real Mistake (hereinafter described below), history of breaches of these Terms, or being placed on any “black lists” or “watch lists” by governments or international organizations. We can at anytime delete or remove (\"Removed\") membership of the user of this Site, either temporarily or permanently. Removed Users are prohibited to attempt using the Site in any other name or through other users (hereinafter described in the Fraud Prevention Mechanism condition).</p><p>In a particular case, we may cancel or reject reservations with respect to the \"Real Mistake\", which does not depend on where the error originated. A Real Mistake is a fault on the Site (for example, in terms of price) which no reasonable person would consider appropriate or to make business sense. The amount charged shall be reimbursed without further charges in such a case.</p><p>Every payment related to the booking or reservation of the Services shall be made directly to Traveloka bank account or Traveloka payment channels. Traveloka shall not be responsible for the validity of the reservation, if the payment is not being made directly to Traveloka bank account or Traveloka payment channels.</p><p>CANCELLATIONS</p><p>By making a booking, order or reservation through the Site, you accept and agree to the terms and conditions of applicable Vendors, including policies regarding cancellation and/or absence, or your specific requests which may be given to the Vendors. Traveloka is not responsible for any violation of these terms and conditions which are agreed on between the Vendor and the user, or which are based on the user’s specific requests, so please read the Vendors’ terms and conditions carefully.</p><p>Regarding refunds, Traveloka may be able to withhold or take part of the amount paid to reimburse the costs that have been incurred in connection with the cancellation.</p><p>SPECIAL REQUESTS</p><p>In the event of any special requests (for example: rooms to be easily accessible by wheelchair, wheelchair assistance for people with disabilities at the hotels or airplanes, change of name, change of date, adding “frequent flyer” points or equivalent, availability of the event’s seat tickets, special equipment/tools needed for the tour packages or equivalent), the user can insert the request when making a booking on the Site or contact the Vendor directly (as applicable). The request will be addressed at the Vendor’s and Traveloka’s discretion, based on availability and other factors. our special requests may be subject to additional charges and/or fees by the relevant Vendor based on the discretion and/or policy of the relevant Vendor. Traveloka is not responsible for the availability and/or fulfillment of your special requests by the Vendor.</p><p>In the event of rescheduling (including but not limited to changes of date, route and/or passenger) by the user, Traveloka reserves its rights to cancel any new bookings created through the rescheduling process if the initial booking is no longer valid (including but not limited to instances where the ticket has actually been used or refunded).</p><p>TRAVEL ADVICE</p><p>By displaying particular destinations, Traveloka does not represent or warrant that travel to such points is advisable or risk-free and Traveloka must not be held liable for damages or losses that may result from travel to such destinations. Under no circumstances shall Traveloka be held liable for any adverse incidents occurring during your trip or your stay. You are personally responsible for the selection of travel, travel route and destination, for the entire duration of your trip. Traveloka is not responsible for any loss that occurs when you fail to bring required travel documents, such as your passport, e-ticket, e-voucher, and any other reasons caused by your willful misconduct and/or negligence. Traveloka shall also not responsible for any willful misconduct and/or negligence caused by the Vendor.</p><p>Should you purchase roundtrip tickets under the same Airline Booking Code (Passenger Name Record, abbreviated as PNR), both the departure and return tickets must be used in full, as written in the itinerary of your Traveloka e-ticket. Use of (i) only the departure or the return ticket; or (ii) partial use of any segment of the roundtrip flight, may cause the other ticket to be invalid and not refundable. Traveloka will not be responsible for any consequence resulting from violation of these terms and conditions.</p><p>You shall be solely responsible to obtain, maintain and have available for presentation, the proper and valid travel permits or foreign entry requirements (including, but not limited to, visas or other travel permits and documents, whether for transit or otherwise) applicable to you prior to finalizing your travel arrangements in accordance with the prevailing laws of the country you are traveling from, into, over or transiting in. Traveloka has no obligation and shall not be responsible to notify you of the travel arrangements and permits necessary for you to be able to carry out your travel plans. Traveloka reserves its right to limit its liability in the case of any losses or damages arising out of or in relation to your travel permits.</p><p>RATINGS</p><p>Ratings shown on the Site are only provided for the information of users only, and existing ratings are based on information given by third parties such as suppliers, users or other review websites. We do not verify the rating given and are therefore not responsible for the accuracy of the existing rating. We hereby declare denial of any claims, losses or liability with respect to the ratings shown on the Site.</p><p>PRICE AND PROMOTION</p><p>We may offer lower prices and/ or promotions from time to time. Please note that these may involve different conditions and requirements as it relates to booking and refund policies.</p><p>If there is any promotion provided directly by the Vendor, then the rights and authority over the promotion will be fully under the Vendor and may not be applied for the reservation conducted through Traveloka.</p><p>ADDITIONAL CHARGES & REFUNDS</p><p>Each price listed on the Site is only available with certain conditions and these prices may change depending on the availability of booking, length of booking and/or other factors. Available prices can include additional taxes and other charges, but in certain circumstances it may not include taxes and other service charges (e.g., tips for tour guides, other facilities charges (if any), and other charges/fees which may arise from the use of services other than those provided by Traveloka (if any)); The user agrees that they are responsible for verifying the total cost to be paid and other terms and details when the confirmation email is sent. The user must verify the booking on the booking sheet; the user can cancel the booking at any time before the final confirmation is done. Prices shown are detailed so that users can see the amount to be paid, any additional costs due to the use of credit cards or inter-bank fees charged for the shipping fees will be charged to the user. If there is a discrepancy in the amount paid, Traveloka will provide an email notification of the amount to be paid by the user. In the event that a user cancels the booking before paying in full any existing shortcomings, Traveloka has sole discretion whether to refund the amount paid or refund an amount reduced by the costs incurred by Traveloka as a result of non-payment of the cost of these shortcomings by users in accordance with procedures prescribed by Traveloka. If the user has any doubt about the service, the user can contact Traveloka customer service (during customer service operational hours). For any other cancellations, Traveloka will work with you to refund amounts already paid by you, reduced by the costs incurred by Traveloka, e.g. inter-bank transfer fees. Refunds may not be immediate depending on your initial mode of payment. You can contact Traveloka customer service for further details on the estimated duration for receiving your refund and we will assist you as best as we can.</p><p>Traveloka shall not be held responsible or liable for any cancelled issuing of e-tickets, e-vouchers, or other transactions caused by inaccurate transfer amounts, or exceeding the time limit for transfers or any payment that is not being made directly to Traveloka bank account or Traveloka payment channels. For real-time inter bank transfers, you must use an ATM. After completing the inter-bank transfer, please confirm your payment by filling in the payment confirmation form.</p><p>ADDITIONAL CHARGES FROM HOTELS</p><p>Please note that all prices for hotel reservations provided through our Site (the “Hotel Price”) are based on your selections, such as for the requested period of stay and number of guests, unless otherwise specified. Hotel room reservation rates are quoted per room and per night. You are responsible for verifying whether your selection and any additional requests or services are reflected in the price displayed on the Site (such as the Hotel Information provided before the final booking confirmation) and/ or in the email-coupon confirmation. Breakfast is usually not included, unless otherwise stated. Hotel resort fees and other mandatory costs (see description below) and local taxes, tourist, or occupancy charges (if any) will be paid by you, and are usually not taken into account in the Hotel Price unless otherwise stated. You are responsible for verifying any explanations or policies provided by the hotel on the Site. Insurance of any kind is not included in the rate, unless otherwise stated. The standard hotel room reservation is for one or two guests; an additional charge will usually be required for an extra bed. The hotel can refuse to accept additional guests if not notified in advance.</p><p>Please note that some hotels may charge you a resort fee, but may require additional charges (or the like) to use certain services. The resort fee is usually not included in the Hotel Price; more details will be included in the hotel’s description on the Site. You may also be charged directly by the hotel for products and services including but not limited to: energy surcharge, baggage handling fees, the cost of delivery of newspapers, in-room security costs, travel/tour fees, or the cost for cleaning the rooms under extraordinary circumstances. This practice of additional hotel charges is beyond Traveloka’s control.</p><p>Optional incidental expenses and personal consumption charges (such as those incurred during the Hotel stay) are not usually included in the Hotel Price. Such charges include but are not limited to: parking fees, in-room minibar charges, telephone charges, room service, food and beverage costs, special (gala) dinner costs, movie rentals / movies-on-demand, and Internet usage costs. During certain peak holiday seasons, some hotels may make their special dinners compulsory (such as for the New Year, Christmas, Chinese New Year and other events). Such charges are not included in the room rate, but will be displayed on the booking form. Please refer to more details listed under \"Hotel Information\", \"Requirements Booking\", \"Cancellation Policy\" or similar headings on the Site. If you are unsure whether or not a charge is included in the tariff, please contact our customer service team to clarify.</p><p>Certain hotels may add fees for transport or transfer to and from the airport. This is a common practice for travelling between islands (such as the Maldives), in order to reach the hotel. Such transportation is always governed by the hotel, and is offered by or on behalf of the hotel, which is responsible for the transportation service. Traveloka does not arrange any transport and is not responsible for such transport service. You agree that Traveloka is not responsible for the quality, safety, frequency or service level of the transportation services, and for any loss or damage that may result from the use of such transportation services.</p><p>In some jurisdictions, hotels may be required by law to directly collect occupancy tax or local city tax from guests. Government authorities may also declare additional taxes and may require the hotel to collect such taxes directly. You agree to pay any and all of such taxes/costs to the hotel directly upon checkout, unless otherwise specified. If you have any questions, please contact Traveloka Customer Service regarding any additional costs that may be included in the Hotel Price.</p><p>USER ACCOUNT</p><p>For registration purposes, we will collect and process your personal information, such as your name, electronic mail (e-mail) address, and your mobile phone number when you register. You must provide us with an accurate, complete, and latest information and agree to provide us with any proof of identity that we may reasonably request.</p><p>Only you can use your own account and you represent and warrant that you will not authorize any other party to use your identity or your account for any reason, unless permitted by Traveloka.</p><p>You cannot assign or transfer your account to any other party.</p><p>You must maintain the security and confidentiality of your account password and any identification we provide to you. In the event of any disclosure of your password, in any way whatsoever resulting in any unauthorized use of your account or identity, order(s) received from such unauthorized use shall still be considered as valid orders and we will process such order(s). You hereby declare that Traveloka is not responsible for any loss or damage arising from the misuse of your account.</p><p>If you no longer have control over your account, you are required to immediately notify us (e.g., your account is hacked in any way or your phone is stolen) so we can temporarily block and/or inactivate your account properly. Please note that you are responsible for your use of your account and may be liable for your account even if your account is misused by others.</p><p>Traveloka has the full right to temporarily block, delete, or inactivate the User’s account at our sole discretion and for any cause without giving reasons for blocking, deletion, or inactivation of the User’s account. The reasons for blocking, deletion, or inactivation of the User’s account may include but are not limited to:</p><p>breach of these Terms,</p><p>prohibitions in regulations,</p><p>fraud or theft (or indication or suspicion of fraud or theft),</p><p>suspicion of criminal activity,</p><p>suspicious ordering,</p><p>User providing inaccurate, erroneous or misleading information,</p><p>inappropriate behavior, threats, or insults,</p><p>refusal to provide information,</p><p>practical impediments,</p><p>communication difficulties or breakdowns, or</p><p>User is listed on any “black lists” or “watch lists” by governments or international organizations.</p><p>MEMBERSHIP PROGRAM</p><p>By registering with Traveloka, you will automatically be a member of our loyalty program named “TravelokaClub” operated by Traveloka.</p><p>As a member of TravelokaClub, you will gain access to the points, promotions, discounts, features, or other benefits offered by Traveloka and/or third party merchants as made available from time to time in the Application. For avoidance of any doubt, we may from time to time change, remove, or make unavailable part or whole points, promotions, discounts, features, or other benefits offered by us.</p><p>For full information regarding points and its qualification, please refer to https://www.traveloka.com/en/loyalty-points</p><p>PAYMENT DETAILS AND PROCEDURES</p><p>Payments are made in the amount and currency as stated not including bank fees or any other charges by Traveloka.</p><p>Traveloka does not collect taxes or levies. If a hotel or city destination charges taxes, those taxes are the responsibility of the user.</p><p>For all forms of reservations, you must make payment within the specified time limit. If the payment is not made, then Traveloka reserves the right to cancel all reservations.</p><p>Payment methods include but are not limited to bank transfer and credit card. For payment by bank transfer, you must provide the bank transfer receipt as proof of payment of reservations listed in the Traveloka confirmation email. You must follow the procedures contained in the confirmation email.</p><p>For other payment methods such as credit card, you must follow the procedures stated by Traveloka and/or the relevant payment service provider.</p><p>After you make full payment, Traveloka will place the order and issue a reservation code, which will be accompanied by:</p><p>Booking Code;</p><p>Customer Name;</p><p>Number Booking;</p><p>Booking Details; and</p><p>Phone Number / Extension.</p><p>PAYMENT BY CREDIT CARD & FRAUD</p><p>For payment of bookings placed through this Site, your credit card will be billed by Traveloka for the full price at the time of booking and confirmation of the booking (any refund that may be given will depend on the conditions of the existing reservations). You must check the booking details thoroughly each time before you make a reservation. Traveloka will process any refund, as applicable, within a reasonable period. For certain reservations, you may have to pay the Vendor deirectly. In order to safeguard and encrypt Your credit card information when in transit to us, we use encryption technology such as Transport Layer Security (“TLS”) or Secure Sockets Layer (“SSL”) to ensure the integrity of your information.</p><p>In the case of credit card fraud or unauthorized use of your credit card by a third party, you must contact your bank or card issuer immediately after realizing such unauthorized use. In such a case, Traveloka takes no responsibility over any case of credit card fraud or unauthorized use of your credit card by a third party, regardless of whether such fraud or unauthorized use was carried out through Traveloka services (including, but not limited to, TravelokaQuick). Traveloka is not obliged to make refunds or repayments to you as a result of such fraud. As part of our goodwill, we may provide a form of compensation to you subject to review and approval by us. You shall only be eligible to request compensation only if such reservations have been made through our secure servers and the fraud or unauthorized use of your credit card is a result of our default or negligence and through no fault of your own while using the secure server. We accept no liability of the fraud or unauthorized use of your credit card if it was done through applications or servers other than our own or if it is as a result of a fault or negligence of your own. If you suspect any unauthorized reservations or fraud committed on Traveloka, you must contact our Customer Service team immediately.</p><p>To make a reservation you must be aged over eighteen (18) years old and have full legal capacity to make the transaction (or have authorization from your legal guardian). You must use a credit or debit card that you own, issued in your name, and make sure that there are sufficient funds to cover the transaction costs. Any fees incurred by you for authorizing a transaction that results in an over-drawing of your account are not the responsibility of Traveloka.</p><p>You shall ensure that the details you provide to us are completely accurate. Traveloka reserves the right to not accept certain credit cards. Traveloka can add or remove other payment methods at our sole discretion.</p><p>In certain cases, we may require additional information or verification to validate and confirm the booking, as described in more detail on the Site. Reservations are not confirmed until you have received a confirmation email with an e-ticket or voucher and there is the possibility that the Vendor can implement fraud examination mechanisms during the booking process. If fraud occurs or is determined to occur, then the booking will be void. Traveloka shall not bear any responsibility for such cancellations by the Vendor. If you choose not to submit additional information, reservations will not be completed and will be voided.</p><p>RIGHTS AND OBLIGATIONS</p><p>Traveloka hereby grants the user certain limited rights (constituting a “Limited Licence”), which cannot be transferred or assigned, to access and use the Site to the extent expressly permitted by these Terms. In connection with this Limited Licence, we are not granting you any other rights or licences with respect to use of the Site; rights or licenses not expressly granted, are wholly owned by Traveloka or other third party owners of such licence. Content available on the Site (including the software infrastructure used to provide the Content) is wholly owned by Traveloka or its suppliers and service providers, including but not limited to its Vendors (as applicable). You can use the site to place orders and you hereby guarantee that you will not submit false reservation requests. You hereby declare to ensure that the payment information you provide is accurate. You also guarantee providing an accurate email and mailing address as well as other details of your contact information.</p><p>In relation to the Terms of Use of the Site, you agree to not use the Site or the Content for commercial purposes or either directly or indirectly for other than personal use or for unlawful purposes (prohibited by law) or do any acts that violate the Terms. Except with the written consent of Traveloka, you agree not to modify, copy, distribute, transmit, display, perform, reproduce, publish, license, create derivative creations from, transfer, sell or re-sell any information, software, products or services obtained in connection with the Site. In addition, you agree not to:</p><p>use this Site or the Content for commercial purposes without permission from Traveloka;</p><p>access, monitor or copy any Content on the Site using technology, software, or any program either manually or automatically for any purpose without written permission from Traveloka;</p><p>perform any action that imposes or may impose, an unreasonable burden on our Site or Site infrastructure;</p><p>make a major link to this Site (including but not limited to the booking path) for any purpose without the written consent from Traveloka;</p><p>resell, use, copy, perform surveillance (such as using or installing spider or scrape programs), display, download or perform any Content production, software, products, services available through the Site for commercial purposes or objectives/activities of competition;</p><p>reproduce the Site (through a \"frame\" or \"mirror\") or set up a part of this Site on any other web site without prior written consent;</p><p>send an announcement to or through the Site that violates any law, regulation, or rules, or which can support unlawful or criminal activities;</p><p>transmit or provide links to any materials that defame, slander, or lie;</p><p>transmit or provide links to each announcement containing the terms of defamation, slander, and lies;</p><p>transmit or conduct announcements that may infringe upon the intellectual property or other rights of a particular entity or person, including but not limited to copyrights, patents, trademarks, trade secrets, confidential information or publications;</p><p>transmit announcements where prohibited by applicable law or violate the rights and obligations that exist based on the contractual relationship;</p><p>imitate any person or entity for any purposes;</p><p>manipulate or falsify information with the aim to disguise the origin of statements provided;</p><p>use the Site in any manner which could damage, disable, obstruct, or interfere with the use of the Site or other users of computer equipment, or cause damage, disruption or limit the functionality of the software, hardware or telecommunications equipment;</p><p>gain unauthorized access or perform unauthorized modification to the Site or other related website, other accounts, computer systems, networks connected to the Site through hacking, password theft or other similar matters;</p><p>obtain or attempt to obtain any materials or information by ways that are not intentionally supplied by the site (including but not limited to other destinations provided by this Site). This includes but is not limited to, obtaining or collecting information about others such as email addresses;</p><p>engage in fraudulent acts or actions that aim to manipulate a search engine results page (“SERP”) or perform search engine optimization (“SEO”). SEO practices considered unethical or to constitute \"spamdexing\" include but are not limited to cloaking, metadata, title tags, content scraping, link schemes, google bomb, search keywords, hidden text or hidden links, link schemes, comments containing spam and other matters; or</p><p>any other action which may adversely affect or result in damage to the Site, Traveloka or its affiliates and employees, or Traveloka’s reputation.</p><p>Unless expressly specified otherwise, the web site is not allowed to make links to other pages other than the Main Site pages or frames or web page or material contained in it, or making links to aspects of the Site in the form of an email with a commercial purpose without the express written approval of Traveloka.</p><p>By placing an order through this Site, you hereby represent and warrant that you are not subject to any prohibitions or restrictions by any sanctions program, or subject to any penalties under any anti-money laundering regime.</p><p>RIGHTS TO USER CONTENT</p><p>By completing a booking, you hereby agree to receive electronic mail containing an invitation to provide reviews or content reviews with respect to the selection of Vendors. Traveloka has sole discretion whether your review will appear on the site. Traveloka can display the review, which may contain comments, level of service and your name.</p><p>In providing a review, you agree to ensure that:</p><p>you own and control all of the rights to the reviews that you provide to the Site;</p><p>the content of the review is accurate and contains no misrepresentations; and</p><p>the use or performance or transmission of the content of the review does not violate the Terms or applicable laws and regulations, you are not violating any third party’s rights, and you are not causing injury to any party.</p><p>You must bear all responsibility for the content of the reviews that you provide or submit. You allow Traveloka to act when there is a party that violates your rights or the rights of Traveloka.</p><p>Content review provided will be deemed to not contain confidential information and Traveloka shall have no obligation to treat the content review as confidential information. Without limiting the provisions contained in the Terms, Traveloka has sole discretion to use the content review as deemed appropriate, including but not limited to removing, cutting, modifying, or otherwise editing the review. Traveloka shall have no obligation to pay for the content that you submit in a review, including but not limited to content review that has been changed, eliminated or cut. Traveloka shall have no obligation to provide or include or mention authors or other third parties.</p><p>In any case, you hereby agree that with respect to the content of the reviews:</p><p>You do not require any attribution or identification on any derivative works;</p><p>You consent that all content of reviews submitted to Traveloka may be used by Traveloka and its employees, successors, and transfer recipients in any way, at any time. This includes but is not limited to publishing, modification, and reproduction of the review either in its entirety or in partial form;</p><p>You hereby waive all rights and agree not to claim any rights in the content review; and</p><p>USAGE RESTRICTIONS</p><p>You hereby agree to not use the Site or the Content for unlawful or unauthorized activity. You agree that you will not use any equipment, software, or other technologies that may obstruct or attempt to obstruct the operation of this Site. You agree to not use this Site or its Content for commercial purposes. You agree not to seek, create, search for, use or send automated agents or other forms of technology to collect or obtain information from this Site, or otherwise interact with this Site.</p><p>INTELLECTUAL PROPERTY RIGHTS</p><p>All Intellectual Property Rights on this Site are owned by Traveloka. All information and materials, including but not limited to: software, text, data, graphics, images, sounds, videos, trade marks, logos, icons, html codes and other codes on this website are prohibited to be published, modified, copied, reproduced, duplicated or altered in any way outside the area of this Site without the express written permission of Traveloka. If you violate these rights, Traveloka reserves the right to bring a civil claim for the full amount of damages or losses suffered. These violations may also constitute criminal offences.</p><p>Traveloka and/or its affiliated companies are the owners of certain intellectual property rights (“Intellectual Property Rights”), including but not limited to the domain name, Site, trade marks, content, copyright, service marks, logos, symbols or other designs etc. Nothing in this Agreement shall be construed as granting you a licence or any rights, implied or otherwise, to use, possess, distribute or modify any of Traveloka’s Intellectual Property. Other product and company names contained on the Site, including names, trademarks, marks, service marks, logos, symbols or other designs may be owned or licensed for use by third parties. Use of third party intellectual property rights on the Site is not considered a recommendation or sponsorship for the Site by third parties. Traveloka owns copyright to the Site, and you are prohibited to use, possess, distribute or modify any of the Intellectual Property without express approval from Traveloka.</p><p>The Site contains Traveloka’s Intellectual Property, including but not limited to text, software, photos, graphics, video, music and sound. The whole of the Site’s Content is protected by copyright laws. We and our licensors own the copyright and/or other rights over the selection, coordination, arrangement, and repair of the Content and the original content. You must not modify, reproduce, copy, perform, display, publish, or exploit the Content, in whole or in part, unless you have express written consent from Traveloka.</p><p>Unless specified otherwise, the software required for the provision of services, the software available for use on this Site, and Intellectual Property Rights in the Content on the Site are owned by Traveloka, its affiliated or associated companies, licensors, suppliers and content providers. Traveloka shall not be responsible for intellectual property owned by third parties or for infringement of intellectual property rights owned by third parties.</p><p>You can use the information on the Site only for personal, non-commercial use. Unless specified otherwise, and expressly permitted by the copyright laws, you may not copy, reproduce, redistribute, retransmit, publish or otherwise commercially exploit any downloads you make from the Site without the permission of the owner of the intellectual property rights. Even if you obtain the necessary permission, you are forbidden to make changes or deletions. You hereby accept and agree that downloading any Intellectual Property does not grant you any rights over them.</p><p>We may provide links onto other sites maintained by other parties. By clicking on the link, you hereby represent, acknowledge and agree that such action is your voluntary action to view or enter other sites that Traveloka does not supervise or bear responsibility for.</p><p>Traveloka in making the Site, preparing the source code and performing software support, can license the use of open source software from third parties through the GNU General Public Licence (“GPL”), Any use by Traveloka of open source software and the intellectual property rights of a third party are with the necessary licences or permits.</p><p>CLAIMS OF INTELLECTUAL PROPERTY RIGHTS INFRINGEMENT</p><p>If there is evidence of violations of your Intellectual Property Rights, you or your representative (collectively, the \"Sender\") may send a notice containing the following details listed below:</p><p>Name and address of the Sender;</p><p>In case the Sender is not the owner of the Intellectual Property Rights or license exclusive then it must include the name and address of the owner of the Intellectual Property Rights;</p><p>In case the Sender’s address is not in Singapore, the Sender shall provide a temporary address in Singapore;</p><p>Sender’s telephone number, facsimile (if any) and electronic mail address;</p><p>Sufficient details so as to prove the existence of intellectual property rights violations, including online addresses of electronic copies ;</p><p>Sender’s request to remove or disable access to the infringing electronic copy or version;</p><p>A statement that the Sender in good faith recognizes the violations as identified in paragraph (5) of this Clause;</p><p>A statement that the information provided in the notice is accurate;</p><p>A statement that the Sender (a) is the owner or exclusive holder of the intellectual property rights that are being violated; or (b) has the legal authority to act on the owner or exclusive holder\'s behalf; and</p><p>The statement that the Sender subjects to Singapore law and that all claims, disputes, controversies or differences arising out of intellectual property rights infringement shall first be submitted to the Singapore Mediation Centre for resolution by mediation in accordance with the Mediation Procedure. The Sender should state that they agree to participate in the mediation in good faith and agree to abide by the terms of any settlement reached.</p><p>The letter must be signed by the sender and delivered physically and via email to the following address:</p><p>2 Shenton Way, #18-01</p><p>Singapore 068804, Singapore</p><p><br></p><p>We will review and handle notifications in accordance with the above requirements and in accordance with Singapore law.</p><p>You agree to not hold Traveloka responsible for losses or damages that may occur as a result of fraud, forgery or false accusations of intellectual property rights infringement.</p><p>DISCLAIMER</p><p>YOU HEREBY DECLARE TO AND AGREE THAT TO THE EXTENT WHERE PERMITTED BY APPLICABLE LAW:</p><p>THE SERVICE AND THE CONTENT OF THIS SITE ARE PROVIDED ON THE BASIS OF \"AS IS\" AND \"AS AVAILABLE\". WE HEREBY EXPRESSLY STATE THAT WE DO NOT MAKE ANY KIND OF GUARANTEE OR WARRANT, WHETHER EXPRESS OR IMPLIED, WITH RESPECT TO THE MERCHANTABILITY OF A PRODUCT OR SERVICE, OR SUITABILITY OF THE PRODUCTS AND SERVICES WE PROVIDE FOR A PARTICULAR PURPOSE AND AGAINST NON-INFRINGEMENT WHERE APPLICABLE;</p><p>WE DO NOT GUARANTEE THAT: (i) THE FUNCTIONS, SERVICES AND SECURITY FEATURES PROVIDED IN THIS SITE WILL BE UNINTERRUPTED OR FREE FROM ERROR; (ii) ERRORS OR FAILURE WILL BE REPAIRED; OR (iii) THE SITE OR THE SERVER PROVIDE SERVICES THAT ARE FREE FROM VIRUSES, MALWARE OR HARMFUL COMPONENTS;</p><p>WE DO NOT WARRANT THE ACCURACY, AUTHENTICITY, INTEGRITY OR QUALITY OF THE CONTENT, SITES OR RESOURCES AVAILABLE TO AND FROM THE SITE INCLUDING, BUT NOT LIMITED TO, ANY GUARANTEE THAT THE CONTENT, SITES OR RESOURCES ARE FREE FROM SOURCE MATERIAL THAT IS MALICIOUS, INDECENT, OR CONTROVERSIAL;</p><p>WE DO NOT GUARANTEE OR WARRANT THAT YOU WILL BE GRANTED VALID TRAVEL PERMITS APPLICABLE TO YOU. WE DO NOT HAVE ANY RESPONSIBILITY TO NOTIFY YOU OR INDEMNIFY YOU IN THE EVENT THAT YOU SUFFER LOSSES OR DAMAGES RELATING TO YOUR LACK OF VISA OR TRAVEL PERMITS (INCLUDING, BUT NOT LIMITED TO, REFUSAL OF ENTRY, DEPORTATION).</p><p>ANY MATERIAL DOWNLOADED OR OTHERWISE OBTAINED THROUGH THE USE OF THIS SERVICE IS AT YOUR SOLE RESPONSIBILITY AND RISK. YOU VOLUNTARILY ASSUME SUCH RISK, AND YOU WILL BE FULLY RESPONSIBLE FOR DAMAGE TO YOUR COMPUTER SYSTEM OR LOSS OF DATA THAT RESULTS FROM DOWNLOADING ANY MATERIALS THAT ARE PROVIDED.</p><p>LIMITATION OF LIABILITY</p><p>WITHOUT PREJUDICE TO WHAT IS SET OUT IN THESE TERMS, EACH PARTY’S LIABILITY IS LIMITED AND EXCLUDED TO THE MAXIMUM EXTENT PERMITTED BY LAW, SUCH AS FOR PERSONAL INJURY AND DEATH. WE SHALL NOT BE LIABLE FOR ANY LOSSES OR DAMAGES, WHETHER DIRECT OR INDIRECT, RESULTING FROM OR CONNECTED TO YOUR USE OF THIS SITE OR USE OF THE LINKS ON THE SITE, INCLUDING BUT NOT LIMITED TO SPECIAL, INCIDENTAL, PUNITIVE OR CONSEQUENTIAL DAMAGES OR OTHER ECONOMIC LOSS, EVEN IF WE HAVE BEEN ADVISED OF THE POSSIBILITY OF LOSS OR DAMAGE THAT MAY OCCUR. THE ONLY AVAILABLE REMEDY FOR YOU IS TERMINATION OF USE OF THIS SITE.</p><p>INDEMNIFICATION</p><p>You hereby agree to indemnify and hold harmless Traveloka and its employees, affiliates, staff and partners, from and against any and all claims, demands, liability, damage or loss including legal fees, which arise as a result of claims of third parties in connection with: (a) your use of the Site; (b) Content that is given, provided or accessed through this Site; (c) your violation of the Terms; (d) violation of any other rights or obligations; and/or (e) any act or omission by you, whether negligent, unlawful or otherwise.</p><p>THIRD PARTY LINKS AND CONTENTS</p><p>The Site may contain links to websites operated by parties other than Traveloka. We do not control those sites or links and are not responsible for the content or privacy or other activities of such sites. We, or other third parties, may upload automated search results or provide links to other sites. We provide opportunities for third parties to deliver, load, transmit or otherwise make available any information, data, text, images, sound, graphics, video, messages, reviews, or other materials (\"Content\") through this Site. We do not review and/or do not have control over the site, source, and the Content. You agree that we are not responsible for the content or the availability of such sites and resources, and we do not endorse or recommend and are not responsible for the origin of the site or the Content. You hereby agree to release us from and against any and all liabilities, expenses, loss, or damage, directly or indirectly caused or allegedly caused by or in connection with the use of or account for the Content, site or resource.</p><p>TERMINATION</p><p>Traveloka has sole and full discretion to change, postpone, discontinue or stop this Site and/or part of the Site, including services or products that are made available in this Site, and/ or usage of this Site, or part thereof, at any time for any reason without prior notification to you.</p><p>In the event of termination, you remain bound by the obligations in these Terms, including but not limited to the warranties, indemnification, waiver and limitation of liabilities that you have agreed to.</p><p>Traveloka shall not be liable to you or any third-party for any termination or suspension of your access to the Site.</p><p>PRIVACY</p><p>Traveloka values Users’ confidentiality. Traveloka will endeavour to comply with the requirements of relevant data protection legislation when performing its obligations under these Terms. A separate Privacy Policy document sets out rights and obligations of Traveloka and the user in relation to privacy, available here.</p><p>GOVERNING LAW</p><p>These Terms shall be governed by and interpreted in accordance solely with the Laws of Singapore.</p><p>DISPUTE RESOLUTION</p><p>In the event of a dispute arising out of or in connection with these Terms, both Parties shall first discuss in good faith to reach an amicable resolution within sixty (60) days from the date of the notice of dispute. However, if such dispute may not be settled by mutual consultation within sixty (60) days, it shall be referred to mediation at the Singapore Mediation Centre in accordance with the Mediation Procedure. If the dispute remains unresolved, it shall be submitted to the exclusive jurisdiction of the courts of the Republic of Singapore.</p><p>GENERAL</p><p>These Terms shall constitute the entire agreement and understanding between you and Traveloka on the subject matter thereof, and shall supersede all prior agreements, whether written or oral, between you and Traveloka concerning the subject matter thereof.</p><p>To clarify, Traveloka does not manage or control the Vendors.</p><p>If you use the Site for or on behalf of a third-party (\"Third-party\"), such as a family member or a traveling companion, you are responsible for any error in the accuracy of information provided in connection with such use. In addition, you must inform the Third-party of all applicable terms and conditions. When using the Site for or on behalf of a Third-party, you agree to indemnify and hold Traveloka harmless from and against any and all liabilities, losses, damages, suits and claims including legal fees, arising from or connected to the breach of these Terms or negligence by you and/or the Third-party.</p><p>These Terms are drawn up in the English language. Any translation into another language is for convenience and information purposes only. In case of conflict between the English language version and any such translation, the English language version shall prevail. Headings in this Agreement are inserted for convenience only and shall not affect the interpretation or construction of these Terms.</p><p>In the event that any provision is determined to be unenforceable or invalid, by any court of competent jurisdiction, such provision shall nonetheless be enforced to the fullest extent permitted by applicable law and such determination shall not affect the validity and enforceability of any other remaining provisions. The severed provision shall be replaced by a provision approximating as much as possible the original wording and intent.</p><p>Failure by either Party to enforce any provision of these Terms at any time shall not be construed as a waiver of each Party’s rights to enforce the breach of such provision or any other provision in these Terms or as a waiver of any continuing, succeeding or subsequent breach of any provision or other provisions of these Terms.</p><p>You may not assign or transfer your rights or obligations under these Terms, without our prior written consent.</p><p>We reserve the right to amend or repeal the Terms (or parts thereof) in our sole discretion. We may amend the Terms at any time by posting a variation on the Site. The latest version of the Terms will supersede all previous versions.</p><p>Except where expressly stated, nothing in these Terms is intended to grant to any third party any right to enforce any term or to confer on any third party any benefits under these Terms. The application of the Contracts (Rights of Third Parties) Act (Cap. 53B) and any re-enactment is expressly excluded.</p><p>Notices given pursuant to these Terms shall be deemed sufficiently given if they are in writing and forwarded by registered post or recorded delivery service or equivalent to either Party (at our registered address, or otherwise notified).</p><p>By using our Services, you acknowledge that we may need to comply with additional terms and conditions provided by our suppliers that may be applicable for certain products. Specifically for certain hotel products provided by EAN.com L.P. (“EAN”), you agree that you will comply with the applicable EAN terms & conditions as stipulated in http://developer.ean.com/terms/en/.</p><p>FORCE MAJEURE</p><p>Traveloka shall not be liable for any non-performance or violation of these Terms, such as for transaction failure, restricted access to the Site, or any damage or harm to users caused by any act or condition beyond the reasonable control of either You or Us (“Force Majeure Event”). Force Majeure Events include but are not limited to natural disaster (floods, earthquakes), epidemic, riot, a declaration of war, war, military action, terrorist action, embargo, sanctions, changes in laws or regulations, lightning, hurricanes / typhoons / cyclones, labor strikes, demonstrations, airline or hotel bankruptcy or insolvency, and so forth.</p><p>Traveloka shall not be responsible for any damages or losses caused by any means to any party if Traveloka cannot process your order because of the Force Majeure Event.</p><p>ABOUT TRAVELOKA – FAQS</p><p>If you have any further questions please refer to the FAQs.</p><p>OTHERS</p><p>Certain products offered through this Platform are subject to the terms and conditions that can be accessed here (\"Secondary TnC\"). Your acceptance to this Terms and Conditions shall also constitute acceptance to the Secondary TnC. If you are not sure whether your reservation is subject to the Secondary TnC, please contact us to confirm before you execute the transaction.</p>');

/*Table structure for table `cms_travelpost` */

DROP TABLE IF EXISTS `cms_travelpost`;

CREATE TABLE `cms_travelpost` (
  `travelpost_id` int(11) NOT NULL AUTO_INCREMENT,
  `travelpost_status` tinyint(1) DEFAULT NULL COMMENT '0=not active, 1=active',
  `insert_user_id` bigint(20) DEFAULT NULL,
  `insert_datetime` datetime DEFAULT NULL,
  `update_user_id` bigint(20) DEFAULT NULL,
  `update_datetime` datetime DEFAULT NULL,
  PRIMARY KEY (`travelpost_id`)
) ENGINE=InnoDB AUTO_INCREMENT=15 DEFAULT CHARSET=latin1;

/*Data for the table `cms_travelpost` */

insert  into `cms_travelpost`(`travelpost_id`,`travelpost_status`,`insert_user_id`,`insert_datetime`,`update_user_id`,`update_datetime`) values (1,1,5,'2019-11-16 11:20:59',6,'2019-11-19 11:51:46'),(2,1,5,'2019-11-16 18:22:52',5,'2019-11-19 03:59:28'),(3,1,5,'2019-11-16 18:24:31',5,'2019-11-19 03:59:43'),(4,1,5,'2019-11-19 05:08:43',NULL,NULL),(5,1,5,'2019-11-19 05:26:33',NULL,NULL),(6,1,5,'2019-11-19 05:26:53',NULL,NULL),(7,1,5,'2019-11-19 05:27:17',NULL,NULL),(8,1,5,'2019-11-19 05:27:39',NULL,NULL),(9,1,5,'2019-11-19 05:28:13',NULL,NULL),(10,1,5,'2019-11-19 05:28:29',NULL,NULL),(11,1,5,'2019-11-19 05:28:52',NULL,NULL),(12,1,5,'2019-11-19 05:29:10',NULL,NULL),(13,1,5,'2019-11-19 05:29:45',NULL,NULL),(14,1,5,'2019-11-19 05:34:56',NULL,NULL);

/*Table structure for table `cms_travelpost_img` */

DROP TABLE IF EXISTS `cms_travelpost_img`;

CREATE TABLE `cms_travelpost_img` (
  `travelpostimg_travelpost_id` int(11) DEFAULT NULL,
  `travelpostimg_order` int(11) DEFAULT NULL,
  `travelpostimg_img` text,
  KEY `destimg_destination_id` (`travelpostimg_travelpost_id`),
  CONSTRAINT `cms_travelpost_img_ibfk_1` FOREIGN KEY (`travelpostimg_travelpost_id`) REFERENCES `cms_travelpost` (`travelpost_id`) ON DELETE CASCADE ON UPDATE CASCADE
) ENGINE=InnoDB DEFAULT CHARSET=latin1;

/*Data for the table `cms_travelpost_img` */

insert  into `cms_travelpost_img`(`travelpostimg_travelpost_id`,`travelpostimg_order`,`travelpostimg_img`) values (2,1,'ec83a396a0553b10e587212bfc5e3a90.jpeg'),(2,2,'1a9b4c478468726978a28d89b5009fe2.jpeg'),(2,3,NULL),(2,4,NULL),(3,1,'97f3fe1da2592ef9c13c368efa48d033.jpeg'),(3,2,NULL),(3,3,NULL),(3,4,NULL),(4,1,'ffba81f0b5ffb02485d9d9477870d5a5.jpeg'),(4,2,NULL),(4,3,NULL),(4,4,NULL),(5,1,'b3a07738a94f889352e0672ff029462a.jpeg'),(5,2,NULL),(5,3,NULL),(5,4,NULL),(6,1,'a1f7a27783bd36fae71ca635ed70f494.jpeg'),(6,2,NULL),(6,3,NULL),(6,4,NULL),(7,1,'aae31f14ca96232971282c33484877a9.jpeg'),(7,2,NULL),(7,3,NULL),(7,4,NULL),(8,1,'de970cea43c3ae7002a6a80859c5167f.jpeg'),(8,2,NULL),(8,3,NULL),(8,4,NULL),(9,1,'8f65a8f852cb750397dc271fac88cc1a.jpeg'),(9,2,NULL),(9,3,NULL),(9,4,NULL),(10,1,'5502f9166cc1998f057b7bf879fa63dd.jpeg'),(10,2,NULL),(10,3,NULL),(10,4,NULL),(11,1,'f1e5bb32089c11b1d63a74257a23896a.jpeg'),(11,2,NULL),(11,3,NULL),(11,4,NULL),(12,1,'0b845bb5066aa15dbab5922e5416b022.jpeg'),(12,2,NULL),(12,3,NULL),(12,4,NULL),(13,1,'a7dd29b95103facd9fec821ce224256e.jpeg'),(13,2,NULL),(13,3,NULL),(13,4,NULL),(14,1,'944c93eaa477a36254d27c9a82e5fe9d.jpeg'),(14,2,NULL),(14,3,NULL),(14,4,NULL),(1,1,'a3ba24dffa239573a305f85d94260afa.jpeg'),(1,2,NULL),(1,3,NULL),(1,4,NULL);

/*Table structure for table `cms_travelpost_text` */

DROP TABLE IF EXISTS `cms_travelpost_text`;

CREATE TABLE `cms_travelpost_text` (
  `travelposttext_travelpost_id` int(11) DEFAULT NULL,
  `travelposttext_lang` varchar(5) DEFAULT NULL,
  `travelposttext_name` varchar(250) DEFAULT NULL,
  `travelposttext_text` text,
  KEY `desttext_destination_id` (`travelposttext_travelpost_id`),
  KEY `desttext_lang` (`travelposttext_lang`),
  CONSTRAINT `cms_travelpost_text_ibfk_1` FOREIGN KEY (`travelposttext_travelpost_id`) REFERENCES `cms_travelpost` (`travelpost_id`) ON DELETE CASCADE ON UPDATE CASCADE
) ENGINE=InnoDB DEFAULT CHARSET=latin1;

/*Data for the table `cms_travelpost_text` */

insert  into `cms_travelpost_text`(`travelposttext_travelpost_id`,`travelposttext_lang`,`travelposttext_name`,`travelposttext_text`) values (2,'en','Lorem ipsum dolor sit amet, sit id duis quisque nunc pulvinar nulla','<p xss=\"removed\" style=\"text-align: justify; \">Lorem ipsum dolor sit amet, sit id duis quisque nunc pulvinar nulla, donec sem morbi, elit quis ipsum nunc, metus veritatis quisque pede nunc morbi. Lorem primis lobortis semper fames cras vel, viverra posuere congue erat. Ac nibh eros elit dolor, molestie ac eget a ante ex, massa tortor sapien, per vivamus luctus scelerisque, urna lorem urna a consequat ut sit. Sed proin laoreet lacus, vel penatibus, sit libero urna ligula vestibulum, et molestiae donec. Nunc vitae arcu, ipsum et phasellus. Rhoncus curabitur in donec metus, eget blandit magna ante phasellus mauris, porttitor quam nec tempus mattis, eu dictumst velit varius a. Odio lacus in. Per ligula suscipit. Purus eget lobortis pellentesque, elit pulvinar euismod in nulla nulla sed, velit mi ac, eu autem sit, quae erat phasellus nam dictum.</p><p xss=\"removed\" style=\"text-align: justify;\"><br></p><p xss=\"removed\" style=\"text-align: justify;\">Amet et in ac, non turpis auctor vulputate etiam, diam duis sed, eros in vitae sem elementum fermentum. Incidunt egestas fringilla amet, in at sollicitudin egestas posuere sapien volutpat, taciti blandit. Et enim, ante et vitae risus omnis interdum sed, tenetur congue tortor justo ipsum. Morbi viverra nisl, ultricies tristique curabitur per cursus, tellus nam id nibh fermentum ipsum vitae. At ullamcorper tellus nec vel pariatur congue, pretium quisque, massa a amet ut wisi, cubilia porttitor, sagittis dui tincidunt faucibus. Mattis sollicitudin phasellus fermentum est elit aliquam, et torquent aliquam volutpat per vehicula dignissim, mattis risus, mi in maecenas nunc, porta pellentesque massa. In eros in, lorem non erat sapien eros, penatibus sit elementum, malesuada vehicula.</p><p xss=\"removed\" style=\"text-align: justify;\"><br></p><p xss=\"removed\" style=\"text-align: justify;\">Tempor praesent tellus mattis ac nibh turpis. At rutrum rutrum. Nec habitasse pretium dignissim morbi amet eget, vitae metus nulla ipsum, faucibus mauris nibh mattis lectus tristique donec, lacus fames nam orci maecenas at egestas, vestibulum lacus vestibulum. Tortor euismod ut praesent dignissim. Vel lectus ac. Nibh proin rutrum imperdiet tempor mauris dolor, vestibulum rhoncus elit vel diam. Taciti dui sociis vestibulum. Suscipit nullam nec risus, sem arcu consequat etiam proin consectetuer feugiat, magna amet dignissim, dapibus dolor semper turpis morbi donec, repellat mauris tristique proin. Pede in neque semper sed cursus id. Augue dolor convallis, arcu arcu, consectetuer aenean et id. Sed interdum elit, non tortor sollicitudin vel sapien. Turpis et ornare, a lectus, consequatur tellus augue pretium interdum suspendisse cumque.</p><p xss=\"removed\" style=\"text-align: justify;\"><br></p><p xss=\"removed\" style=\"text-align: justify;\">Convallis hendrerit. Morbi mollis in etiam, eiusmod sed phasellus tempus non sed orci, luctus morbi tortor maecenas integer nunc vel, suscipit amet nascetur. Lacinia nam vel volutpat lectus laboriosam in. Pellentesque nulla malesuada urna proin ac. Pretium wisi pellentesque, amet in, vitae ac. Wisi sed sed maecenas.</p><p xss=\"removed\" style=\"text-align: justify;\"><br></p>'),(2,'id','Lorem ipsum dolor sit amet, sit id duis quisque nunc pulvinar nulla','<p xss=\"removed\" style=\"text-align: justify; \">Lorem ipsum dolor sit amet, sit id duis quisque nunc pulvinar nulla, donec sem morbi, elit quis ipsum nunc, metus veritatis quisque pede nunc morbi. Lorem primis lobortis semper fames cras vel, viverra posuere congue erat. Ac nibh eros elit dolor, molestie ac eget a ante ex, massa tortor sapien, per vivamus luctus scelerisque, urna lorem urna a consequat ut sit. Sed proin laoreet lacus, vel penatibus, sit libero urna ligula vestibulum, et molestiae donec. Nunc vitae arcu, ipsum et phasellus. Rhoncus curabitur in donec metus, eget blandit magna ante phasellus mauris, porttitor quam nec tempus mattis, eu dictumst velit varius a. Odio lacus in. Per ligula suscipit. Purus eget lobortis pellentesque, elit pulvinar euismod in nulla nulla sed, velit mi ac, eu autem sit, quae erat phasellus nam dictum.</p><p xss=\"removed\" style=\"text-align: justify;\"><br></p><p xss=\"removed\" style=\"text-align: justify;\">Amet et in ac, non turpis auctor vulputate etiam, diam duis sed, eros in vitae sem elementum fermentum. Incidunt egestas fringilla amet, in at sollicitudin egestas posuere sapien volutpat, taciti blandit. Et enim, ante et vitae risus omnis interdum sed, tenetur congue tortor justo ipsum. Morbi viverra nisl, ultricies tristique curabitur per cursus, tellus nam id nibh fermentum ipsum vitae. At ullamcorper tellus nec vel pariatur congue, pretium quisque, massa a amet ut wisi, cubilia porttitor, sagittis dui tincidunt faucibus. Mattis sollicitudin phasellus fermentum est elit aliquam, et torquent aliquam volutpat per vehicula dignissim, mattis risus, mi in maecenas nunc, porta pellentesque massa. In eros in, lorem non erat sapien eros, penatibus sit elementum, malesuada vehicula.</p><p xss=\"removed\" style=\"text-align: justify;\"><br></p><p xss=\"removed\" style=\"text-align: justify;\">Tempor praesent tellus mattis ac nibh turpis. At rutrum rutrum. Nec habitasse pretium dignissim morbi amet eget, vitae metus nulla ipsum, faucibus mauris nibh mattis lectus tristique donec, lacus fames nam orci maecenas at egestas, vestibulum lacus vestibulum. Tortor euismod ut praesent dignissim. Vel lectus ac. Nibh proin rutrum imperdiet tempor mauris dolor, vestibulum rhoncus elit vel diam. Taciti dui sociis vestibulum. Suscipit nullam nec risus, sem arcu consequat etiam proin consectetuer feugiat, magna amet dignissim, dapibus dolor semper turpis morbi donec, repellat mauris tristique proin. Pede in neque semper sed cursus id. Augue dolor convallis, arcu arcu, consectetuer aenean et id. Sed interdum elit, non tortor sollicitudin vel sapien. Turpis et ornare, a lectus, consequatur tellus augue pretium interdum suspendisse cumque.</p><p xss=\"removed\" style=\"text-align: justify;\"><br></p><p xss=\"removed\" style=\"text-align: justify;\">Convallis hendrerit. Morbi mollis in etiam, eiusmod sed phasellus tempus non sed orci, luctus morbi tortor maecenas integer nunc vel, suscipit amet nascetur. Lacinia nam vel volutpat lectus laboriosam in. Pellentesque nulla malesuada urna proin ac. Pretium wisi pellentesque, amet in, vitae ac. Wisi sed sed maecenas.</p><p xss=\"removed\" style=\"text-align: justify;\"><br></p>'),(3,'en','Lorem ipsum dolor sit amet, sit id duis quisque nunc pulvinar nulla','<p style=\"text-align: justify; \">Lorem ipsum dolor sit amet, sit id duis quisque nunc pulvinar nulla, donec sem morbi, elit quis ipsum nunc, metus veritatis quisque pede nunc morbi. Lorem primis lobortis semper fames cras vel, viverra posuere congue erat. Ac nibh eros elit dolor, molestie ac eget a ante ex, massa tortor sapien, per vivamus luctus scelerisque, urna lorem urna a consequat ut sit. Sed proin laoreet lacus, vel penatibus, sit libero urna ligula vestibulum, et molestiae donec. Nunc vitae arcu, ipsum et phasellus. Rhoncus curabitur in donec metus, eget blandit magna ante phasellus mauris, porttitor quam nec tempus mattis, eu dictumst velit varius a. Odio lacus in. Per ligula suscipit. Purus eget lobortis pellentesque, elit pulvinar euismod in nulla nulla sed, velit mi ac, eu autem sit, quae erat phasellus nam dictum.</p><p style=\"text-align: justify;\"><br></p><p style=\"text-align: justify;\">Amet et in ac, non turpis auctor vulputate etiam, diam duis sed, eros in vitae sem elementum fermentum. Incidunt egestas fringilla amet, in at sollicitudin egestas posuere sapien volutpat, taciti blandit. Et enim, ante et vitae risus omnis interdum sed, tenetur congue tortor justo ipsum. Morbi viverra nisl, ultricies tristique curabitur per cursus, tellus nam id nibh fermentum ipsum vitae. At ullamcorper tellus nec vel pariatur congue, pretium quisque, massa a amet ut wisi, cubilia porttitor, sagittis dui tincidunt faucibus. Mattis sollicitudin phasellus fermentum est elit aliquam, et torquent aliquam volutpat per vehicula dignissim, mattis risus, mi in maecenas nunc, porta pellentesque massa. In eros in, lorem non erat sapien eros, penatibus sit elementum, malesuada vehicula.</p><p style=\"text-align: justify;\"><br></p><p style=\"text-align: justify;\">Tempor praesent tellus mattis ac nibh turpis. At rutrum rutrum. Nec habitasse pretium dignissim morbi amet eget, vitae metus nulla ipsum, faucibus mauris nibh mattis lectus tristique donec, lacus fames nam orci maecenas at egestas, vestibulum lacus vestibulum. Tortor euismod ut praesent dignissim. Vel lectus ac. Nibh proin rutrum imperdiet tempor mauris dolor, vestibulum rhoncus elit vel diam. Taciti dui sociis vestibulum. Suscipit nullam nec risus, sem arcu consequat etiam proin consectetuer feugiat, magna amet dignissim, dapibus dolor semper turpis morbi donec, repellat mauris tristique proin. Pede in neque semper sed cursus id. Augue dolor convallis, arcu arcu, consectetuer aenean et id. Sed interdum elit, non tortor sollicitudin vel sapien. Turpis et ornare, a lectus, consequatur tellus augue pretium interdum suspendisse cumque.</p><p style=\"text-align: justify;\"><br></p><p style=\"text-align: justify;\">Convallis hendrerit. Morbi mollis in etiam, eiusmod sed phasellus tempus non sed orci, luctus morbi tortor maecenas integer nunc vel, suscipit amet nascetur. Lacinia nam vel volutpat lectus laboriosam in. Pellentesque nulla malesuada urna proin ac. Pretium wisi pellentesque, amet in, vitae ac. Wisi sed sed maecenas.</p><p style=\"text-align: justify;\"><br></p>'),(3,'id','Lorem ipsum dolor sit amet, sit id duis quisque nunc pulvinar nulla','<p style=\"text-align: justify; \">Lorem ipsum dolor sit amet, sit id duis quisque nunc pulvinar nulla, donec sem morbi, elit quis ipsum nunc, metus veritatis quisque pede nunc morbi. Lorem primis lobortis semper fames cras vel, viverra posuere congue erat. Ac nibh eros elit dolor, molestie ac eget a ante ex, massa tortor sapien, per vivamus luctus scelerisque, urna lorem urna a consequat ut sit. Sed proin laoreet lacus, vel penatibus, sit libero urna ligula vestibulum, et molestiae donec. Nunc vitae arcu, ipsum et phasellus. Rhoncus curabitur in donec metus, eget blandit magna ante phasellus mauris, porttitor quam nec tempus mattis, eu dictumst velit varius a. Odio lacus in. Per ligula suscipit. Purus eget lobortis pellentesque, elit pulvinar euismod in nulla nulla sed, velit mi ac, eu autem sit, quae erat phasellus nam dictum.</p><p style=\"text-align: justify;\"><br></p><p style=\"text-align: justify;\">Amet et in ac, non turpis auctor vulputate etiam, diam duis sed, eros in vitae sem elementum fermentum. Incidunt egestas fringilla amet, in at sollicitudin egestas posuere sapien volutpat, taciti blandit. Et enim, ante et vitae risus omnis interdum sed, tenetur congue tortor justo ipsum. Morbi viverra nisl, ultricies tristique curabitur per cursus, tellus nam id nibh fermentum ipsum vitae. At ullamcorper tellus nec vel pariatur congue, pretium quisque, massa a amet ut wisi, cubilia porttitor, sagittis dui tincidunt faucibus. Mattis sollicitudin phasellus fermentum est elit aliquam, et torquent aliquam volutpat per vehicula dignissim, mattis risus, mi in maecenas nunc, porta pellentesque massa. In eros in, lorem non erat sapien eros, penatibus sit elementum, malesuada vehicula.</p><p style=\"text-align: justify;\"><br></p><p style=\"text-align: justify;\">Tempor praesent tellus mattis ac nibh turpis. At rutrum rutrum. Nec habitasse pretium dignissim morbi amet eget, vitae metus nulla ipsum, faucibus mauris nibh mattis lectus tristique donec, lacus fames nam orci maecenas at egestas, vestibulum lacus vestibulum. Tortor euismod ut praesent dignissim. Vel lectus ac. Nibh proin rutrum imperdiet tempor mauris dolor, vestibulum rhoncus elit vel diam. Taciti dui sociis vestibulum. Suscipit nullam nec risus, sem arcu consequat etiam proin consectetuer feugiat, magna amet dignissim, dapibus dolor semper turpis morbi donec, repellat mauris tristique proin. Pede in neque semper sed cursus id. Augue dolor convallis, arcu arcu, consectetuer aenean et id. Sed interdum elit, non tortor sollicitudin vel sapien. Turpis et ornare, a lectus, consequatur tellus augue pretium interdum suspendisse cumque.</p><p style=\"text-align: justify;\"><br></p><p style=\"text-align: justify;\">Convallis hendrerit. Morbi mollis in etiam, eiusmod sed phasellus tempus non sed orci, luctus morbi tortor maecenas integer nunc vel, suscipit amet nascetur. Lacinia nam vel volutpat lectus laboriosam in. Pellentesque nulla malesuada urna proin ac. Pretium wisi pellentesque, amet in, vitae ac. Wisi sed sed maecenas.</p><p style=\"text-align: justify;\"><br></p>'),(4,'en','Lorem ipsum dolor sit amet, sit id duis quisque nunc pulvinar nulla','<p style=\"text-align: justify;\">Lorem ipsum dolor sit amet, sit id duis quisque nunc pulvinar nulla, donec sem morbi, elit quis ipsum nunc, metus veritatis quisque pede nunc morbi. Lorem primis lobortis semper fames cras vel, viverra posuere congue erat. Ac nibh eros elit dolor, molestie ac eget a ante ex, massa tortor sapien, per vivamus luctus scelerisque, urna lorem urna a consequat ut sit. Sed proin laoreet lacus, vel penatibus, sit libero urna ligula vestibulum, et molestiae donec. Nunc vitae arcu, ipsum et phasellus. Rhoncus curabitur in donec metus, eget blandit magna ante phasellus mauris, porttitor quam nec tempus mattis, eu dictumst velit varius a. Odio lacus in. Per ligula suscipit. Purus eget lobortis pellentesque, elit pulvinar euismod in nulla nulla sed, velit mi ac, eu autem sit, quae erat phasellus nam dictum.</p><p style=\"text-align: justify;\"><br></p><p style=\"text-align: justify;\">Amet et in ac, non turpis auctor vulputate etiam, diam duis sed, eros in vitae sem elementum fermentum. Incidunt egestas fringilla amet, in at sollicitudin egestas posuere sapien volutpat, taciti blandit. Et enim, ante et vitae risus omnis interdum sed, tenetur congue tortor justo ipsum. Morbi viverra nisl, ultricies tristique curabitur per cursus, tellus nam id nibh fermentum ipsum vitae. At ullamcorper tellus nec vel pariatur congue, pretium quisque, massa a amet ut wisi, cubilia porttitor, sagittis dui tincidunt faucibus. Mattis sollicitudin phasellus fermentum est elit aliquam, et torquent aliquam volutpat per vehicula dignissim, mattis risus, mi in maecenas nunc, porta pellentesque massa. In eros in, lorem non erat sapien eros, penatibus sit elementum, malesuada vehicula.</p><p style=\"text-align: justify;\"><br></p><p style=\"text-align: justify;\">Tempor praesent tellus mattis ac nibh turpis. At rutrum rutrum. Nec habitasse pretium dignissim morbi amet eget, vitae metus nulla ipsum, faucibus mauris nibh mattis lectus tristique donec, lacus fames nam orci maecenas at egestas, vestibulum lacus vestibulum. Tortor euismod ut praesent dignissim. Vel lectus ac. Nibh proin rutrum imperdiet tempor mauris dolor, vestibulum rhoncus elit vel diam. Taciti dui sociis vestibulum. Suscipit nullam nec risus, sem arcu consequat etiam proin consectetuer feugiat, magna amet dignissim, dapibus dolor semper turpis morbi donec, repellat mauris tristique proin. Pede in neque semper sed cursus id. Augue dolor convallis, arcu arcu, consectetuer aenean et id. Sed interdum elit, non tortor sollicitudin vel sapien. Turpis et ornare, a lectus, consequatur tellus augue pretium interdum suspendisse cumque.</p><p style=\"text-align: justify;\"><br></p><p style=\"text-align: justify;\">Convallis hendrerit. Morbi mollis in etiam, eiusmod sed phasellus tempus non sed orci, luctus morbi tortor maecenas integer nunc vel, suscipit amet nascetur. Lacinia nam vel volutpat lectus laboriosam in. Pellentesque nulla malesuada urna proin ac. Pretium wisi pellentesque, amet in, vitae ac. Wisi sed sed maecenas.</p><p style=\"text-align: justify;\"><br></p>'),(4,'id','Lorem ipsum dolor sit amet, sit id duis quisque nunc pulvinar nulla','<p style=\"text-align: justify;\">Lorem ipsum dolor sit amet, sit id duis quisque nunc pulvinar nulla, donec sem morbi, elit quis ipsum nunc, metus veritatis quisque pede nunc morbi. Lorem primis lobortis semper fames cras vel, viverra posuere congue erat. Ac nibh eros elit dolor, molestie ac eget a ante ex, massa tortor sapien, per vivamus luctus scelerisque, urna lorem urna a consequat ut sit. Sed proin laoreet lacus, vel penatibus, sit libero urna ligula vestibulum, et molestiae donec. Nunc vitae arcu, ipsum et phasellus. Rhoncus curabitur in donec metus, eget blandit magna ante phasellus mauris, porttitor quam nec tempus mattis, eu dictumst velit varius a. Odio lacus in. Per ligula suscipit. Purus eget lobortis pellentesque, elit pulvinar euismod in nulla nulla sed, velit mi ac, eu autem sit, quae erat phasellus nam dictum.</p><p style=\"text-align: justify;\"><br></p><p style=\"text-align: justify;\">Amet et in ac, non turpis auctor vulputate etiam, diam duis sed, eros in vitae sem elementum fermentum. Incidunt egestas fringilla amet, in at sollicitudin egestas posuere sapien volutpat, taciti blandit. Et enim, ante et vitae risus omnis interdum sed, tenetur congue tortor justo ipsum. Morbi viverra nisl, ultricies tristique curabitur per cursus, tellus nam id nibh fermentum ipsum vitae. At ullamcorper tellus nec vel pariatur congue, pretium quisque, massa a amet ut wisi, cubilia porttitor, sagittis dui tincidunt faucibus. Mattis sollicitudin phasellus fermentum est elit aliquam, et torquent aliquam volutpat per vehicula dignissim, mattis risus, mi in maecenas nunc, porta pellentesque massa. In eros in, lorem non erat sapien eros, penatibus sit elementum, malesuada vehicula.</p><p style=\"text-align: justify;\"><br></p><p style=\"text-align: justify;\">Tempor praesent tellus mattis ac nibh turpis. At rutrum rutrum. Nec habitasse pretium dignissim morbi amet eget, vitae metus nulla ipsum, faucibus mauris nibh mattis lectus tristique donec, lacus fames nam orci maecenas at egestas, vestibulum lacus vestibulum. Tortor euismod ut praesent dignissim. Vel lectus ac. Nibh proin rutrum imperdiet tempor mauris dolor, vestibulum rhoncus elit vel diam. Taciti dui sociis vestibulum. Suscipit nullam nec risus, sem arcu consequat etiam proin consectetuer feugiat, magna amet dignissim, dapibus dolor semper turpis morbi donec, repellat mauris tristique proin. Pede in neque semper sed cursus id. Augue dolor convallis, arcu arcu, consectetuer aenean et id. Sed interdum elit, non tortor sollicitudin vel sapien. Turpis et ornare, a lectus, consequatur tellus augue pretium interdum suspendisse cumque.</p><p style=\"text-align: justify;\"><br></p><p style=\"text-align: justify;\">Convallis hendrerit. Morbi mollis in etiam, eiusmod sed phasellus tempus non sed orci, luctus morbi tortor maecenas integer nunc vel, suscipit amet nascetur. Lacinia nam vel volutpat lectus laboriosam in. Pellentesque nulla malesuada urna proin ac. Pretium wisi pellentesque, amet in, vitae ac. Wisi sed sed maecenas.</p><p style=\"text-align: justify;\"><br></p>'),(5,'en','Lorem ipsum dolor sit amet, sit id duis quisque nunc pulvinar nulla','<p style=\"text-align: justify;\">Lorem ipsum dolor sit amet, sit id duis quisque nunc pulvinar nulla, donec sem morbi, elit quis ipsum nunc, metus veritatis quisque pede nunc morbi. Lorem primis lobortis semper fames cras vel, viverra posuere congue erat. Ac nibh eros elit dolor, molestie ac eget a ante ex, massa tortor sapien, per vivamus luctus scelerisque, urna lorem urna a consequat ut sit. Sed proin laoreet lacus, vel penatibus, sit libero urna ligula vestibulum, et molestiae donec. Nunc vitae arcu, ipsum et phasellus. Rhoncus curabitur in donec metus, eget blandit magna ante phasellus mauris, porttitor quam nec tempus mattis, eu dictumst velit varius a. Odio lacus in. Per ligula suscipit. Purus eget lobortis pellentesque, elit pulvinar euismod in nulla nulla sed, velit mi ac, eu autem sit, quae erat phasellus nam dictum.</p><p style=\"text-align: justify;\"><br></p><p style=\"text-align: justify;\">Amet et in ac, non turpis auctor vulputate etiam, diam duis sed, eros in vitae sem elementum fermentum. Incidunt egestas fringilla amet, in at sollicitudin egestas posuere sapien volutpat, taciti blandit. Et enim, ante et vitae risus omnis interdum sed, tenetur congue tortor justo ipsum. Morbi viverra nisl, ultricies tristique curabitur per cursus, tellus nam id nibh fermentum ipsum vitae. At ullamcorper tellus nec vel pariatur congue, pretium quisque, massa a amet ut wisi, cubilia porttitor, sagittis dui tincidunt faucibus. Mattis sollicitudin phasellus fermentum est elit aliquam, et torquent aliquam volutpat per vehicula dignissim, mattis risus, mi in maecenas nunc, porta pellentesque massa. In eros in, lorem non erat sapien eros, penatibus sit elementum, malesuada vehicula.</p><p style=\"text-align: justify;\"><br></p><p style=\"text-align: justify;\">Tempor praesent tellus mattis ac nibh turpis. At rutrum rutrum. Nec habitasse pretium dignissim morbi amet eget, vitae metus nulla ipsum, faucibus mauris nibh mattis lectus tristique donec, lacus fames nam orci maecenas at egestas, vestibulum lacus vestibulum. Tortor euismod ut praesent dignissim. Vel lectus ac. Nibh proin rutrum imperdiet tempor mauris dolor, vestibulum rhoncus elit vel diam. Taciti dui sociis vestibulum. Suscipit nullam nec risus, sem arcu consequat etiam proin consectetuer feugiat, magna amet dignissim, dapibus dolor semper turpis morbi donec, repellat mauris tristique proin. Pede in neque semper sed cursus id. Augue dolor convallis, arcu arcu, consectetuer aenean et id. Sed interdum elit, non tortor sollicitudin vel sapien. Turpis et ornare, a lectus, consequatur tellus augue pretium interdum suspendisse cumque.</p><p style=\"text-align: justify;\"><br></p><p style=\"text-align: justify;\">Convallis hendrerit. Morbi mollis in etiam, eiusmod sed phasellus tempus non sed orci, luctus morbi tortor maecenas integer nunc vel, suscipit amet nascetur. Lacinia nam vel volutpat lectus laboriosam in. Pellentesque nulla malesuada urna proin ac. Pretium wisi pellentesque, amet in, vitae ac. Wisi sed sed maecenas.</p><p style=\"text-align: justify;\"><br></p>'),(5,'id','Lorem ipsum dolor sit amet, sit id duis quisque nunc pulvinar nulla','<p style=\"text-align: justify;\">Lorem ipsum dolor sit amet, sit id duis quisque nunc pulvinar nulla, donec sem morbi, elit quis ipsum nunc, metus veritatis quisque pede nunc morbi. Lorem primis lobortis semper fames cras vel, viverra posuere congue erat. Ac nibh eros elit dolor, molestie ac eget a ante ex, massa tortor sapien, per vivamus luctus scelerisque, urna lorem urna a consequat ut sit. Sed proin laoreet lacus, vel penatibus, sit libero urna ligula vestibulum, et molestiae donec. Nunc vitae arcu, ipsum et phasellus. Rhoncus curabitur in donec metus, eget blandit magna ante phasellus mauris, porttitor quam nec tempus mattis, eu dictumst velit varius a. Odio lacus in. Per ligula suscipit. Purus eget lobortis pellentesque, elit pulvinar euismod in nulla nulla sed, velit mi ac, eu autem sit, quae erat phasellus nam dictum.</p><p style=\"text-align: justify;\"><br></p><p style=\"text-align: justify;\">Amet et in ac, non turpis auctor vulputate etiam, diam duis sed, eros in vitae sem elementum fermentum. Incidunt egestas fringilla amet, in at sollicitudin egestas posuere sapien volutpat, taciti blandit. Et enim, ante et vitae risus omnis interdum sed, tenetur congue tortor justo ipsum. Morbi viverra nisl, ultricies tristique curabitur per cursus, tellus nam id nibh fermentum ipsum vitae. At ullamcorper tellus nec vel pariatur congue, pretium quisque, massa a amet ut wisi, cubilia porttitor, sagittis dui tincidunt faucibus. Mattis sollicitudin phasellus fermentum est elit aliquam, et torquent aliquam volutpat per vehicula dignissim, mattis risus, mi in maecenas nunc, porta pellentesque massa. In eros in, lorem non erat sapien eros, penatibus sit elementum, malesuada vehicula.</p><p style=\"text-align: justify;\"><br></p><p style=\"text-align: justify;\">Tempor praesent tellus mattis ac nibh turpis. At rutrum rutrum. Nec habitasse pretium dignissim morbi amet eget, vitae metus nulla ipsum, faucibus mauris nibh mattis lectus tristique donec, lacus fames nam orci maecenas at egestas, vestibulum lacus vestibulum. Tortor euismod ut praesent dignissim. Vel lectus ac. Nibh proin rutrum imperdiet tempor mauris dolor, vestibulum rhoncus elit vel diam. Taciti dui sociis vestibulum. Suscipit nullam nec risus, sem arcu consequat etiam proin consectetuer feugiat, magna amet dignissim, dapibus dolor semper turpis morbi donec, repellat mauris tristique proin. Pede in neque semper sed cursus id. Augue dolor convallis, arcu arcu, consectetuer aenean et id. Sed interdum elit, non tortor sollicitudin vel sapien. Turpis et ornare, a lectus, consequatur tellus augue pretium interdum suspendisse cumque.</p><p style=\"text-align: justify;\"><br></p><p style=\"text-align: justify;\">Convallis hendrerit. Morbi mollis in etiam, eiusmod sed phasellus tempus non sed orci, luctus morbi tortor maecenas integer nunc vel, suscipit amet nascetur. Lacinia nam vel volutpat lectus laboriosam in. Pellentesque nulla malesuada urna proin ac. Pretium wisi pellentesque, amet in, vitae ac. Wisi sed sed maecenas.</p><p style=\"text-align: justify;\"><br></p>'),(6,'en','Lorem ipsum dolor sit amet, sit id duis quisque nunc pulvinar nulla','<p style=\"text-align: justify;\">Lorem ipsum dolor sit amet, sit id duis quisque nunc pulvinar nulla, donec sem morbi, elit quis ipsum nunc, metus veritatis quisque pede nunc morbi. Lorem primis lobortis semper fames cras vel, viverra posuere congue erat. Ac nibh eros elit dolor, molestie ac eget a ante ex, massa tortor sapien, per vivamus luctus scelerisque, urna lorem urna a consequat ut sit. Sed proin laoreet lacus, vel penatibus, sit libero urna ligula vestibulum, et molestiae donec. Nunc vitae arcu, ipsum et phasellus. Rhoncus curabitur in donec metus, eget blandit magna ante phasellus mauris, porttitor quam nec tempus mattis, eu dictumst velit varius a. Odio lacus in. Per ligula suscipit. Purus eget lobortis pellentesque, elit pulvinar euismod in nulla nulla sed, velit mi ac, eu autem sit, quae erat phasellus nam dictum.</p><p style=\"text-align: justify;\"><br></p><p style=\"text-align: justify;\">Amet et in ac, non turpis auctor vulputate etiam, diam duis sed, eros in vitae sem elementum fermentum. Incidunt egestas fringilla amet, in at sollicitudin egestas posuere sapien volutpat, taciti blandit. Et enim, ante et vitae risus omnis interdum sed, tenetur congue tortor justo ipsum. Morbi viverra nisl, ultricies tristique curabitur per cursus, tellus nam id nibh fermentum ipsum vitae. At ullamcorper tellus nec vel pariatur congue, pretium quisque, massa a amet ut wisi, cubilia porttitor, sagittis dui tincidunt faucibus. Mattis sollicitudin phasellus fermentum est elit aliquam, et torquent aliquam volutpat per vehicula dignissim, mattis risus, mi in maecenas nunc, porta pellentesque massa. In eros in, lorem non erat sapien eros, penatibus sit elementum, malesuada vehicula.</p><p style=\"text-align: justify;\"><br></p><p style=\"text-align: justify;\">Tempor praesent tellus mattis ac nibh turpis. At rutrum rutrum. Nec habitasse pretium dignissim morbi amet eget, vitae metus nulla ipsum, faucibus mauris nibh mattis lectus tristique donec, lacus fames nam orci maecenas at egestas, vestibulum lacus vestibulum. Tortor euismod ut praesent dignissim. Vel lectus ac. Nibh proin rutrum imperdiet tempor mauris dolor, vestibulum rhoncus elit vel diam. Taciti dui sociis vestibulum. Suscipit nullam nec risus, sem arcu consequat etiam proin consectetuer feugiat, magna amet dignissim, dapibus dolor semper turpis morbi donec, repellat mauris tristique proin. Pede in neque semper sed cursus id. Augue dolor convallis, arcu arcu, consectetuer aenean et id. Sed interdum elit, non tortor sollicitudin vel sapien. Turpis et ornare, a lectus, consequatur tellus augue pretium interdum suspendisse cumque.</p><p style=\"text-align: justify;\"><br></p><p style=\"text-align: justify;\">Convallis hendrerit. Morbi mollis in etiam, eiusmod sed phasellus tempus non sed orci, luctus morbi tortor maecenas integer nunc vel, suscipit amet nascetur. Lacinia nam vel volutpat lectus laboriosam in. Pellentesque nulla malesuada urna proin ac. Pretium wisi pellentesque, amet in, vitae ac. Wisi sed sed maecenas.</p><p style=\"text-align: justify;\"><br></p>'),(6,'id','Lorem ipsum dolor sit amet, sit id duis quisque nunc pulvinar nulla','<p style=\"text-align: justify;\">Lorem ipsum dolor sit amet, sit id duis quisque nunc pulvinar nulla, donec sem morbi, elit quis ipsum nunc, metus veritatis quisque pede nunc morbi. Lorem primis lobortis semper fames cras vel, viverra posuere congue erat. Ac nibh eros elit dolor, molestie ac eget a ante ex, massa tortor sapien, per vivamus luctus scelerisque, urna lorem urna a consequat ut sit. Sed proin laoreet lacus, vel penatibus, sit libero urna ligula vestibulum, et molestiae donec. Nunc vitae arcu, ipsum et phasellus. Rhoncus curabitur in donec metus, eget blandit magna ante phasellus mauris, porttitor quam nec tempus mattis, eu dictumst velit varius a. Odio lacus in. Per ligula suscipit. Purus eget lobortis pellentesque, elit pulvinar euismod in nulla nulla sed, velit mi ac, eu autem sit, quae erat phasellus nam dictum.</p><p style=\"text-align: justify;\"><br></p><p style=\"text-align: justify;\">Amet et in ac, non turpis auctor vulputate etiam, diam duis sed, eros in vitae sem elementum fermentum. Incidunt egestas fringilla amet, in at sollicitudin egestas posuere sapien volutpat, taciti blandit. Et enim, ante et vitae risus omnis interdum sed, tenetur congue tortor justo ipsum. Morbi viverra nisl, ultricies tristique curabitur per cursus, tellus nam id nibh fermentum ipsum vitae. At ullamcorper tellus nec vel pariatur congue, pretium quisque, massa a amet ut wisi, cubilia porttitor, sagittis dui tincidunt faucibus. Mattis sollicitudin phasellus fermentum est elit aliquam, et torquent aliquam volutpat per vehicula dignissim, mattis risus, mi in maecenas nunc, porta pellentesque massa. In eros in, lorem non erat sapien eros, penatibus sit elementum, malesuada vehicula.</p><p style=\"text-align: justify;\"><br></p><p style=\"text-align: justify;\">Tempor praesent tellus mattis ac nibh turpis. At rutrum rutrum. Nec habitasse pretium dignissim morbi amet eget, vitae metus nulla ipsum, faucibus mauris nibh mattis lectus tristique donec, lacus fames nam orci maecenas at egestas, vestibulum lacus vestibulum. Tortor euismod ut praesent dignissim. Vel lectus ac. Nibh proin rutrum imperdiet tempor mauris dolor, vestibulum rhoncus elit vel diam. Taciti dui sociis vestibulum. Suscipit nullam nec risus, sem arcu consequat etiam proin consectetuer feugiat, magna amet dignissim, dapibus dolor semper turpis morbi donec, repellat mauris tristique proin. Pede in neque semper sed cursus id. Augue dolor convallis, arcu arcu, consectetuer aenean et id. Sed interdum elit, non tortor sollicitudin vel sapien. Turpis et ornare, a lectus, consequatur tellus augue pretium interdum suspendisse cumque.</p><p style=\"text-align: justify;\"><br></p><p style=\"text-align: justify;\">Convallis hendrerit. Morbi mollis in etiam, eiusmod sed phasellus tempus non sed orci, luctus morbi tortor maecenas integer nunc vel, suscipit amet nascetur. Lacinia nam vel volutpat lectus laboriosam in. Pellentesque nulla malesuada urna proin ac. Pretium wisi pellentesque, amet in, vitae ac. Wisi sed sed maecenas.</p><p style=\"text-align: justify;\"><br></p>'),(7,'en','Lorem ipsum dolor sit amet, sit id duis quisque nunc pulvinar nulla','<p style=\"text-align: justify;\">Lorem ipsum dolor sit amet, sit id duis quisque nunc pulvinar nulla, donec sem morbi, elit quis ipsum nunc, metus veritatis quisque pede nunc morbi. Lorem primis lobortis semper fames cras vel, viverra posuere congue erat. Ac nibh eros elit dolor, molestie ac eget a ante ex, massa tortor sapien, per vivamus luctus scelerisque, urna lorem urna a consequat ut sit. Sed proin laoreet lacus, vel penatibus, sit libero urna ligula vestibulum, et molestiae donec. Nunc vitae arcu, ipsum et phasellus. Rhoncus curabitur in donec metus, eget blandit magna ante phasellus mauris, porttitor quam nec tempus mattis, eu dictumst velit varius a. Odio lacus in. Per ligula suscipit. Purus eget lobortis pellentesque, elit pulvinar euismod in nulla nulla sed, velit mi ac, eu autem sit, quae erat phasellus nam dictum.</p><p style=\"text-align: justify;\"><br></p><p style=\"text-align: justify;\">Amet et in ac, non turpis auctor vulputate etiam, diam duis sed, eros in vitae sem elementum fermentum. Incidunt egestas fringilla amet, in at sollicitudin egestas posuere sapien volutpat, taciti blandit. Et enim, ante et vitae risus omnis interdum sed, tenetur congue tortor justo ipsum. Morbi viverra nisl, ultricies tristique curabitur per cursus, tellus nam id nibh fermentum ipsum vitae. At ullamcorper tellus nec vel pariatur congue, pretium quisque, massa a amet ut wisi, cubilia porttitor, sagittis dui tincidunt faucibus. Mattis sollicitudin phasellus fermentum est elit aliquam, et torquent aliquam volutpat per vehicula dignissim, mattis risus, mi in maecenas nunc, porta pellentesque massa. In eros in, lorem non erat sapien eros, penatibus sit elementum, malesuada vehicula.</p><p style=\"text-align: justify;\"><br></p><p style=\"text-align: justify;\">Tempor praesent tellus mattis ac nibh turpis. At rutrum rutrum. Nec habitasse pretium dignissim morbi amet eget, vitae metus nulla ipsum, faucibus mauris nibh mattis lectus tristique donec, lacus fames nam orci maecenas at egestas, vestibulum lacus vestibulum. Tortor euismod ut praesent dignissim. Vel lectus ac. Nibh proin rutrum imperdiet tempor mauris dolor, vestibulum rhoncus elit vel diam. Taciti dui sociis vestibulum. Suscipit nullam nec risus, sem arcu consequat etiam proin consectetuer feugiat, magna amet dignissim, dapibus dolor semper turpis morbi donec, repellat mauris tristique proin. Pede in neque semper sed cursus id. Augue dolor convallis, arcu arcu, consectetuer aenean et id. Sed interdum elit, non tortor sollicitudin vel sapien. Turpis et ornare, a lectus, consequatur tellus augue pretium interdum suspendisse cumque.</p><p style=\"text-align: justify;\"><br></p><p style=\"text-align: justify;\">Convallis hendrerit. Morbi mollis in etiam, eiusmod sed phasellus tempus non sed orci, luctus morbi tortor maecenas integer nunc vel, suscipit amet nascetur. Lacinia nam vel volutpat lectus laboriosam in. Pellentesque nulla malesuada urna proin ac. Pretium wisi pellentesque, amet in, vitae ac. Wisi sed sed maecenas.</p><p style=\"text-align: justify;\"><br></p>'),(7,'id','Lorem ipsum dolor sit amet, sit id duis quisque nunc pulvinar nulla','<p style=\"text-align: justify;\">Lorem ipsum dolor sit amet, sit id duis quisque nunc pulvinar nulla, donec sem morbi, elit quis ipsum nunc, metus veritatis quisque pede nunc morbi. Lorem primis lobortis semper fames cras vel, viverra posuere congue erat. Ac nibh eros elit dolor, molestie ac eget a ante ex, massa tortor sapien, per vivamus luctus scelerisque, urna lorem urna a consequat ut sit. Sed proin laoreet lacus, vel penatibus, sit libero urna ligula vestibulum, et molestiae donec. Nunc vitae arcu, ipsum et phasellus. Rhoncus curabitur in donec metus, eget blandit magna ante phasellus mauris, porttitor quam nec tempus mattis, eu dictumst velit varius a. Odio lacus in. Per ligula suscipit. Purus eget lobortis pellentesque, elit pulvinar euismod in nulla nulla sed, velit mi ac, eu autem sit, quae erat phasellus nam dictum.</p><p style=\"text-align: justify;\"><br></p><p style=\"text-align: justify;\">Amet et in ac, non turpis auctor vulputate etiam, diam duis sed, eros in vitae sem elementum fermentum. Incidunt egestas fringilla amet, in at sollicitudin egestas posuere sapien volutpat, taciti blandit. Et enim, ante et vitae risus omnis interdum sed, tenetur congue tortor justo ipsum. Morbi viverra nisl, ultricies tristique curabitur per cursus, tellus nam id nibh fermentum ipsum vitae. At ullamcorper tellus nec vel pariatur congue, pretium quisque, massa a amet ut wisi, cubilia porttitor, sagittis dui tincidunt faucibus. Mattis sollicitudin phasellus fermentum est elit aliquam, et torquent aliquam volutpat per vehicula dignissim, mattis risus, mi in maecenas nunc, porta pellentesque massa. In eros in, lorem non erat sapien eros, penatibus sit elementum, malesuada vehicula.</p><p style=\"text-align: justify;\"><br></p><p style=\"text-align: justify;\">Tempor praesent tellus mattis ac nibh turpis. At rutrum rutrum. Nec habitasse pretium dignissim morbi amet eget, vitae metus nulla ipsum, faucibus mauris nibh mattis lectus tristique donec, lacus fames nam orci maecenas at egestas, vestibulum lacus vestibulum. Tortor euismod ut praesent dignissim. Vel lectus ac. Nibh proin rutrum imperdiet tempor mauris dolor, vestibulum rhoncus elit vel diam. Taciti dui sociis vestibulum. Suscipit nullam nec risus, sem arcu consequat etiam proin consectetuer feugiat, magna amet dignissim, dapibus dolor semper turpis morbi donec, repellat mauris tristique proin. Pede in neque semper sed cursus id. Augue dolor convallis, arcu arcu, consectetuer aenean et id. Sed interdum elit, non tortor sollicitudin vel sapien. Turpis et ornare, a lectus, consequatur tellus augue pretium interdum suspendisse cumque.</p><p style=\"text-align: justify;\"><br></p><p style=\"text-align: justify;\">Convallis hendrerit. Morbi mollis in etiam, eiusmod sed phasellus tempus non sed orci, luctus morbi tortor maecenas integer nunc vel, suscipit amet nascetur. Lacinia nam vel volutpat lectus laboriosam in. Pellentesque nulla malesuada urna proin ac. Pretium wisi pellentesque, amet in, vitae ac. Wisi sed sed maecenas.</p><p style=\"text-align: justify;\"><br></p>'),(8,'en','Lorem ipsum dolor sit amet, sit id duis quisque nunc pulvinar nulla','<p style=\"text-align: justify;\">Lorem ipsum dolor sit amet, sit id duis quisque nunc pulvinar nulla, donec sem morbi, elit quis ipsum nunc, metus veritatis quisque pede nunc morbi. Lorem primis lobortis semper fames cras vel, viverra posuere congue erat. Ac nibh eros elit dolor, molestie ac eget a ante ex, massa tortor sapien, per vivamus luctus scelerisque, urna lorem urna a consequat ut sit. Sed proin laoreet lacus, vel penatibus, sit libero urna ligula vestibulum, et molestiae donec. Nunc vitae arcu, ipsum et phasellus. Rhoncus curabitur in donec metus, eget blandit magna ante phasellus mauris, porttitor quam nec tempus mattis, eu dictumst velit varius a. Odio lacus in. Per ligula suscipit. Purus eget lobortis pellentesque, elit pulvinar euismod in nulla nulla sed, velit mi ac, eu autem sit, quae erat phasellus nam dictum.</p><p style=\"text-align: justify;\"><br></p><p style=\"text-align: justify;\">Amet et in ac, non turpis auctor vulputate etiam, diam duis sed, eros in vitae sem elementum fermentum. Incidunt egestas fringilla amet, in at sollicitudin egestas posuere sapien volutpat, taciti blandit. Et enim, ante et vitae risus omnis interdum sed, tenetur congue tortor justo ipsum. Morbi viverra nisl, ultricies tristique curabitur per cursus, tellus nam id nibh fermentum ipsum vitae. At ullamcorper tellus nec vel pariatur congue, pretium quisque, massa a amet ut wisi, cubilia porttitor, sagittis dui tincidunt faucibus. Mattis sollicitudin phasellus fermentum est elit aliquam, et torquent aliquam volutpat per vehicula dignissim, mattis risus, mi in maecenas nunc, porta pellentesque massa. In eros in, lorem non erat sapien eros, penatibus sit elementum, malesuada vehicula.</p><p style=\"text-align: justify;\"><br></p><p style=\"text-align: justify;\">Tempor praesent tellus mattis ac nibh turpis. At rutrum rutrum. Nec habitasse pretium dignissim morbi amet eget, vitae metus nulla ipsum, faucibus mauris nibh mattis lectus tristique donec, lacus fames nam orci maecenas at egestas, vestibulum lacus vestibulum. Tortor euismod ut praesent dignissim. Vel lectus ac. Nibh proin rutrum imperdiet tempor mauris dolor, vestibulum rhoncus elit vel diam. Taciti dui sociis vestibulum. Suscipit nullam nec risus, sem arcu consequat etiam proin consectetuer feugiat, magna amet dignissim, dapibus dolor semper turpis morbi donec, repellat mauris tristique proin. Pede in neque semper sed cursus id. Augue dolor convallis, arcu arcu, consectetuer aenean et id. Sed interdum elit, non tortor sollicitudin vel sapien. Turpis et ornare, a lectus, consequatur tellus augue pretium interdum suspendisse cumque.</p><p style=\"text-align: justify;\"><br></p><p style=\"text-align: justify;\">Convallis hendrerit. Morbi mollis in etiam, eiusmod sed phasellus tempus non sed orci, luctus morbi tortor maecenas integer nunc vel, suscipit amet nascetur. Lacinia nam vel volutpat lectus laboriosam in. Pellentesque nulla malesuada urna proin ac. Pretium wisi pellentesque, amet in, vitae ac. Wisi sed sed maecenas.</p><p style=\"text-align: justify;\"><br></p>'),(8,'id','Lorem ipsum dolor sit amet, sit id duis quisque nunc pulvinar nulla','<p style=\"text-align: justify;\">Lorem ipsum dolor sit amet, sit id duis quisque nunc pulvinar nulla, donec sem morbi, elit quis ipsum nunc, metus veritatis quisque pede nunc morbi. Lorem primis lobortis semper fames cras vel, viverra posuere congue erat. Ac nibh eros elit dolor, molestie ac eget a ante ex, massa tortor sapien, per vivamus luctus scelerisque, urna lorem urna a consequat ut sit. Sed proin laoreet lacus, vel penatibus, sit libero urna ligula vestibulum, et molestiae donec. Nunc vitae arcu, ipsum et phasellus. Rhoncus curabitur in donec metus, eget blandit magna ante phasellus mauris, porttitor quam nec tempus mattis, eu dictumst velit varius a. Odio lacus in. Per ligula suscipit. Purus eget lobortis pellentesque, elit pulvinar euismod in nulla nulla sed, velit mi ac, eu autem sit, quae erat phasellus nam dictum.</p><p style=\"text-align: justify;\"><br></p><p style=\"text-align: justify;\">Amet et in ac, non turpis auctor vulputate etiam, diam duis sed, eros in vitae sem elementum fermentum. Incidunt egestas fringilla amet, in at sollicitudin egestas posuere sapien volutpat, taciti blandit. Et enim, ante et vitae risus omnis interdum sed, tenetur congue tortor justo ipsum. Morbi viverra nisl, ultricies tristique curabitur per cursus, tellus nam id nibh fermentum ipsum vitae. At ullamcorper tellus nec vel pariatur congue, pretium quisque, massa a amet ut wisi, cubilia porttitor, sagittis dui tincidunt faucibus. Mattis sollicitudin phasellus fermentum est elit aliquam, et torquent aliquam volutpat per vehicula dignissim, mattis risus, mi in maecenas nunc, porta pellentesque massa. In eros in, lorem non erat sapien eros, penatibus sit elementum, malesuada vehicula.</p><p style=\"text-align: justify;\"><br></p><p style=\"text-align: justify;\">Tempor praesent tellus mattis ac nibh turpis. At rutrum rutrum. Nec habitasse pretium dignissim morbi amet eget, vitae metus nulla ipsum, faucibus mauris nibh mattis lectus tristique donec, lacus fames nam orci maecenas at egestas, vestibulum lacus vestibulum. Tortor euismod ut praesent dignissim. Vel lectus ac. Nibh proin rutrum imperdiet tempor mauris dolor, vestibulum rhoncus elit vel diam. Taciti dui sociis vestibulum. Suscipit nullam nec risus, sem arcu consequat etiam proin consectetuer feugiat, magna amet dignissim, dapibus dolor semper turpis morbi donec, repellat mauris tristique proin. Pede in neque semper sed cursus id. Augue dolor convallis, arcu arcu, consectetuer aenean et id. Sed interdum elit, non tortor sollicitudin vel sapien. Turpis et ornare, a lectus, consequatur tellus augue pretium interdum suspendisse cumque.</p><p style=\"text-align: justify;\"><br></p><p style=\"text-align: justify;\">Convallis hendrerit. Morbi mollis in etiam, eiusmod sed phasellus tempus non sed orci, luctus morbi tortor maecenas integer nunc vel, suscipit amet nascetur. Lacinia nam vel volutpat lectus laboriosam in. Pellentesque nulla malesuada urna proin ac. Pretium wisi pellentesque, amet in, vitae ac. Wisi sed sed maecenas.</p><p style=\"text-align: justify;\"><br></p>'),(9,'en','Lorem ipsum dolor sit amet, sit id duis quisque nunc pulvinar nulla','<p style=\"text-align: justify;\">Lorem ipsum dolor sit amet, sit id duis quisque nunc pulvinar nulla, donec sem morbi, elit quis ipsum nunc, metus veritatis quisque pede nunc morbi. Lorem primis lobortis semper fames cras vel, viverra posuere congue erat. Ac nibh eros elit dolor, molestie ac eget a ante ex, massa tortor sapien, per vivamus luctus scelerisque, urna lorem urna a consequat ut sit. Sed proin laoreet lacus, vel penatibus, sit libero urna ligula vestibulum, et molestiae donec. Nunc vitae arcu, ipsum et phasellus. Rhoncus curabitur in donec metus, eget blandit magna ante phasellus mauris, porttitor quam nec tempus mattis, eu dictumst velit varius a. Odio lacus in. Per ligula suscipit. Purus eget lobortis pellentesque, elit pulvinar euismod in nulla nulla sed, velit mi ac, eu autem sit, quae erat phasellus nam dictum.</p><p style=\"text-align: justify;\"><br></p><p style=\"text-align: justify;\">Amet et in ac, non turpis auctor vulputate etiam, diam duis sed, eros in vitae sem elementum fermentum. Incidunt egestas fringilla amet, in at sollicitudin egestas posuere sapien volutpat, taciti blandit. Et enim, ante et vitae risus omnis interdum sed, tenetur congue tortor justo ipsum. Morbi viverra nisl, ultricies tristique curabitur per cursus, tellus nam id nibh fermentum ipsum vitae. At ullamcorper tellus nec vel pariatur congue, pretium quisque, massa a amet ut wisi, cubilia porttitor, sagittis dui tincidunt faucibus. Mattis sollicitudin phasellus fermentum est elit aliquam, et torquent aliquam volutpat per vehicula dignissim, mattis risus, mi in maecenas nunc, porta pellentesque massa. In eros in, lorem non erat sapien eros, penatibus sit elementum, malesuada vehicula.</p><p style=\"text-align: justify;\"><br></p><p style=\"text-align: justify;\">Tempor praesent tellus mattis ac nibh turpis. At rutrum rutrum. Nec habitasse pretium dignissim morbi amet eget, vitae metus nulla ipsum, faucibus mauris nibh mattis lectus tristique donec, lacus fames nam orci maecenas at egestas, vestibulum lacus vestibulum. Tortor euismod ut praesent dignissim. Vel lectus ac. Nibh proin rutrum imperdiet tempor mauris dolor, vestibulum rhoncus elit vel diam. Taciti dui sociis vestibulum. Suscipit nullam nec risus, sem arcu consequat etiam proin consectetuer feugiat, magna amet dignissim, dapibus dolor semper turpis morbi donec, repellat mauris tristique proin. Pede in neque semper sed cursus id. Augue dolor convallis, arcu arcu, consectetuer aenean et id. Sed interdum elit, non tortor sollicitudin vel sapien. Turpis et ornare, a lectus, consequatur tellus augue pretium interdum suspendisse cumque.</p><p style=\"text-align: justify;\"><br></p><p style=\"text-align: justify;\">Convallis hendrerit. Morbi mollis in etiam, eiusmod sed phasellus tempus non sed orci, luctus morbi tortor maecenas integer nunc vel, suscipit amet nascetur. Lacinia nam vel volutpat lectus laboriosam in. Pellentesque nulla malesuada urna proin ac. Pretium wisi pellentesque, amet in, vitae ac. Wisi sed sed maecenas.</p><p style=\"text-align: justify;\"><br></p>'),(9,'id','Lorem ipsum dolor sit amet, sit id duis quisque nunc pulvinar nulla','<p style=\"text-align: justify;\">Lorem ipsum dolor sit amet, sit id duis quisque nunc pulvinar nulla, donec sem morbi, elit quis ipsum nunc, metus veritatis quisque pede nunc morbi. Lorem primis lobortis semper fames cras vel, viverra posuere congue erat. Ac nibh eros elit dolor, molestie ac eget a ante ex, massa tortor sapien, per vivamus luctus scelerisque, urna lorem urna a consequat ut sit. Sed proin laoreet lacus, vel penatibus, sit libero urna ligula vestibulum, et molestiae donec. Nunc vitae arcu, ipsum et phasellus. Rhoncus curabitur in donec metus, eget blandit magna ante phasellus mauris, porttitor quam nec tempus mattis, eu dictumst velit varius a. Odio lacus in. Per ligula suscipit. Purus eget lobortis pellentesque, elit pulvinar euismod in nulla nulla sed, velit mi ac, eu autem sit, quae erat phasellus nam dictum.</p><p style=\"text-align: justify;\"><br></p><p style=\"text-align: justify;\">Amet et in ac, non turpis auctor vulputate etiam, diam duis sed, eros in vitae sem elementum fermentum. Incidunt egestas fringilla amet, in at sollicitudin egestas posuere sapien volutpat, taciti blandit. Et enim, ante et vitae risus omnis interdum sed, tenetur congue tortor justo ipsum. Morbi viverra nisl, ultricies tristique curabitur per cursus, tellus nam id nibh fermentum ipsum vitae. At ullamcorper tellus nec vel pariatur congue, pretium quisque, massa a amet ut wisi, cubilia porttitor, sagittis dui tincidunt faucibus. Mattis sollicitudin phasellus fermentum est elit aliquam, et torquent aliquam volutpat per vehicula dignissim, mattis risus, mi in maecenas nunc, porta pellentesque massa. In eros in, lorem non erat sapien eros, penatibus sit elementum, malesuada vehicula.</p><p style=\"text-align: justify;\"><br></p><p style=\"text-align: justify;\">Tempor praesent tellus mattis ac nibh turpis. At rutrum rutrum. Nec habitasse pretium dignissim morbi amet eget, vitae metus nulla ipsum, faucibus mauris nibh mattis lectus tristique donec, lacus fames nam orci maecenas at egestas, vestibulum lacus vestibulum. Tortor euismod ut praesent dignissim. Vel lectus ac. Nibh proin rutrum imperdiet tempor mauris dolor, vestibulum rhoncus elit vel diam. Taciti dui sociis vestibulum. Suscipit nullam nec risus, sem arcu consequat etiam proin consectetuer feugiat, magna amet dignissim, dapibus dolor semper turpis morbi donec, repellat mauris tristique proin. Pede in neque semper sed cursus id. Augue dolor convallis, arcu arcu, consectetuer aenean et id. Sed interdum elit, non tortor sollicitudin vel sapien. Turpis et ornare, a lectus, consequatur tellus augue pretium interdum suspendisse cumque.</p><p style=\"text-align: justify;\"><br></p><p style=\"text-align: justify;\">Convallis hendrerit. Morbi mollis in etiam, eiusmod sed phasellus tempus non sed orci, luctus morbi tortor maecenas integer nunc vel, suscipit amet nascetur. Lacinia nam vel volutpat lectus laboriosam in. Pellentesque nulla malesuada urna proin ac. Pretium wisi pellentesque, amet in, vitae ac. Wisi sed sed maecenas.</p><p style=\"text-align: justify;\"><br></p>'),(10,'en','Lorem ipsum dolor sit amet, sit id duis quisque nunc pulvinar nulla','<p style=\"text-align: justify;\">Lorem ipsum dolor sit amet, sit id duis quisque nunc pulvinar nulla, donec sem morbi, elit quis ipsum nunc, metus veritatis quisque pede nunc morbi. Lorem primis lobortis semper fames cras vel, viverra posuere congue erat. Ac nibh eros elit dolor, molestie ac eget a ante ex, massa tortor sapien, per vivamus luctus scelerisque, urna lorem urna a consequat ut sit. Sed proin laoreet lacus, vel penatibus, sit libero urna ligula vestibulum, et molestiae donec. Nunc vitae arcu, ipsum et phasellus. Rhoncus curabitur in donec metus, eget blandit magna ante phasellus mauris, porttitor quam nec tempus mattis, eu dictumst velit varius a. Odio lacus in. Per ligula suscipit. Purus eget lobortis pellentesque, elit pulvinar euismod in nulla nulla sed, velit mi ac, eu autem sit, quae erat phasellus nam dictum.</p><p style=\"text-align: justify;\"><br></p><p style=\"text-align: justify;\">Amet et in ac, non turpis auctor vulputate etiam, diam duis sed, eros in vitae sem elementum fermentum. Incidunt egestas fringilla amet, in at sollicitudin egestas posuere sapien volutpat, taciti blandit. Et enim, ante et vitae risus omnis interdum sed, tenetur congue tortor justo ipsum. Morbi viverra nisl, ultricies tristique curabitur per cursus, tellus nam id nibh fermentum ipsum vitae. At ullamcorper tellus nec vel pariatur congue, pretium quisque, massa a amet ut wisi, cubilia porttitor, sagittis dui tincidunt faucibus. Mattis sollicitudin phasellus fermentum est elit aliquam, et torquent aliquam volutpat per vehicula dignissim, mattis risus, mi in maecenas nunc, porta pellentesque massa. In eros in, lorem non erat sapien eros, penatibus sit elementum, malesuada vehicula.</p><p style=\"text-align: justify;\"><br></p><p style=\"text-align: justify;\">Tempor praesent tellus mattis ac nibh turpis. At rutrum rutrum. Nec habitasse pretium dignissim morbi amet eget, vitae metus nulla ipsum, faucibus mauris nibh mattis lectus tristique donec, lacus fames nam orci maecenas at egestas, vestibulum lacus vestibulum. Tortor euismod ut praesent dignissim. Vel lectus ac. Nibh proin rutrum imperdiet tempor mauris dolor, vestibulum rhoncus elit vel diam. Taciti dui sociis vestibulum. Suscipit nullam nec risus, sem arcu consequat etiam proin consectetuer feugiat, magna amet dignissim, dapibus dolor semper turpis morbi donec, repellat mauris tristique proin. Pede in neque semper sed cursus id. Augue dolor convallis, arcu arcu, consectetuer aenean et id. Sed interdum elit, non tortor sollicitudin vel sapien. Turpis et ornare, a lectus, consequatur tellus augue pretium interdum suspendisse cumque.</p><p style=\"text-align: justify;\"><br></p><p style=\"text-align: justify;\">Convallis hendrerit. Morbi mollis in etiam, eiusmod sed phasellus tempus non sed orci, luctus morbi tortor maecenas integer nunc vel, suscipit amet nascetur. Lacinia nam vel volutpat lectus laboriosam in. Pellentesque nulla malesuada urna proin ac. Pretium wisi pellentesque, amet in, vitae ac. Wisi sed sed maecenas.</p><p style=\"text-align: justify;\"><br></p>'),(10,'id','Lorem ipsum dolor sit amet, sit id duis quisque nunc pulvinar nulla','<p style=\"text-align: justify;\">Lorem ipsum dolor sit amet, sit id duis quisque nunc pulvinar nulla, donec sem morbi, elit quis ipsum nunc, metus veritatis quisque pede nunc morbi. Lorem primis lobortis semper fames cras vel, viverra posuere congue erat. Ac nibh eros elit dolor, molestie ac eget a ante ex, massa tortor sapien, per vivamus luctus scelerisque, urna lorem urna a consequat ut sit. Sed proin laoreet lacus, vel penatibus, sit libero urna ligula vestibulum, et molestiae donec. Nunc vitae arcu, ipsum et phasellus. Rhoncus curabitur in donec metus, eget blandit magna ante phasellus mauris, porttitor quam nec tempus mattis, eu dictumst velit varius a. Odio lacus in. Per ligula suscipit. Purus eget lobortis pellentesque, elit pulvinar euismod in nulla nulla sed, velit mi ac, eu autem sit, quae erat phasellus nam dictum.</p><p style=\"text-align: justify;\"><br></p><p style=\"text-align: justify;\">Amet et in ac, non turpis auctor vulputate etiam, diam duis sed, eros in vitae sem elementum fermentum. Incidunt egestas fringilla amet, in at sollicitudin egestas posuere sapien volutpat, taciti blandit. Et enim, ante et vitae risus omnis interdum sed, tenetur congue tortor justo ipsum. Morbi viverra nisl, ultricies tristique curabitur per cursus, tellus nam id nibh fermentum ipsum vitae. At ullamcorper tellus nec vel pariatur congue, pretium quisque, massa a amet ut wisi, cubilia porttitor, sagittis dui tincidunt faucibus. Mattis sollicitudin phasellus fermentum est elit aliquam, et torquent aliquam volutpat per vehicula dignissim, mattis risus, mi in maecenas nunc, porta pellentesque massa. In eros in, lorem non erat sapien eros, penatibus sit elementum, malesuada vehicula.</p><p style=\"text-align: justify;\"><br></p><p style=\"text-align: justify;\">Tempor praesent tellus mattis ac nibh turpis. At rutrum rutrum. Nec habitasse pretium dignissim morbi amet eget, vitae metus nulla ipsum, faucibus mauris nibh mattis lectus tristique donec, lacus fames nam orci maecenas at egestas, vestibulum lacus vestibulum. Tortor euismod ut praesent dignissim. Vel lectus ac. Nibh proin rutrum imperdiet tempor mauris dolor, vestibulum rhoncus elit vel diam. Taciti dui sociis vestibulum. Suscipit nullam nec risus, sem arcu consequat etiam proin consectetuer feugiat, magna amet dignissim, dapibus dolor semper turpis morbi donec, repellat mauris tristique proin. Pede in neque semper sed cursus id. Augue dolor convallis, arcu arcu, consectetuer aenean et id. Sed interdum elit, non tortor sollicitudin vel sapien. Turpis et ornare, a lectus, consequatur tellus augue pretium interdum suspendisse cumque.</p><p style=\"text-align: justify;\"><br></p><p style=\"text-align: justify;\">Convallis hendrerit. Morbi mollis in etiam, eiusmod sed phasellus tempus non sed orci, luctus morbi tortor maecenas integer nunc vel, suscipit amet nascetur. Lacinia nam vel volutpat lectus laboriosam in. Pellentesque nulla malesuada urna proin ac. Pretium wisi pellentesque, amet in, vitae ac. Wisi sed sed maecenas.</p><p style=\"text-align: justify;\"><br></p>'),(11,'en','Lorem ipsum dolor sit amet, sit id duis quisque nunc pulvinar nulla','<p style=\"text-align: justify;\">Lorem ipsum dolor sit amet, sit id duis quisque nunc pulvinar nulla, donec sem morbi, elit quis ipsum nunc, metus veritatis quisque pede nunc morbi. Lorem primis lobortis semper fames cras vel, viverra posuere congue erat. Ac nibh eros elit dolor, molestie ac eget a ante ex, massa tortor sapien, per vivamus luctus scelerisque, urna lorem urna a consequat ut sit. Sed proin laoreet lacus, vel penatibus, sit libero urna ligula vestibulum, et molestiae donec. Nunc vitae arcu, ipsum et phasellus. Rhoncus curabitur in donec metus, eget blandit magna ante phasellus mauris, porttitor quam nec tempus mattis, eu dictumst velit varius a. Odio lacus in. Per ligula suscipit. Purus eget lobortis pellentesque, elit pulvinar euismod in nulla nulla sed, velit mi ac, eu autem sit, quae erat phasellus nam dictum.</p><p style=\"text-align: justify;\"><br></p><p style=\"text-align: justify;\">Amet et in ac, non turpis auctor vulputate etiam, diam duis sed, eros in vitae sem elementum fermentum. Incidunt egestas fringilla amet, in at sollicitudin egestas posuere sapien volutpat, taciti blandit. Et enim, ante et vitae risus omnis interdum sed, tenetur congue tortor justo ipsum. Morbi viverra nisl, ultricies tristique curabitur per cursus, tellus nam id nibh fermentum ipsum vitae. At ullamcorper tellus nec vel pariatur congue, pretium quisque, massa a amet ut wisi, cubilia porttitor, sagittis dui tincidunt faucibus. Mattis sollicitudin phasellus fermentum est elit aliquam, et torquent aliquam volutpat per vehicula dignissim, mattis risus, mi in maecenas nunc, porta pellentesque massa. In eros in, lorem non erat sapien eros, penatibus sit elementum, malesuada vehicula.</p><p style=\"text-align: justify;\"><br></p><p style=\"text-align: justify;\">Tempor praesent tellus mattis ac nibh turpis. At rutrum rutrum. Nec habitasse pretium dignissim morbi amet eget, vitae metus nulla ipsum, faucibus mauris nibh mattis lectus tristique donec, lacus fames nam orci maecenas at egestas, vestibulum lacus vestibulum. Tortor euismod ut praesent dignissim. Vel lectus ac. Nibh proin rutrum imperdiet tempor mauris dolor, vestibulum rhoncus elit vel diam. Taciti dui sociis vestibulum. Suscipit nullam nec risus, sem arcu consequat etiam proin consectetuer feugiat, magna amet dignissim, dapibus dolor semper turpis morbi donec, repellat mauris tristique proin. Pede in neque semper sed cursus id. Augue dolor convallis, arcu arcu, consectetuer aenean et id. Sed interdum elit, non tortor sollicitudin vel sapien. Turpis et ornare, a lectus, consequatur tellus augue pretium interdum suspendisse cumque.</p><p style=\"text-align: justify;\"><br></p><p style=\"text-align: justify;\">Convallis hendrerit. Morbi mollis in etiam, eiusmod sed phasellus tempus non sed orci, luctus morbi tortor maecenas integer nunc vel, suscipit amet nascetur. Lacinia nam vel volutpat lectus laboriosam in. Pellentesque nulla malesuada urna proin ac. Pretium wisi pellentesque, amet in, vitae ac. Wisi sed sed maecenas.</p><p style=\"text-align: justify;\"><br></p>'),(11,'id','Lorem ipsum dolor sit amet, sit id duis quisque nunc pulvinar nulla','<p style=\"text-align: justify;\">Lorem ipsum dolor sit amet, sit id duis quisque nunc pulvinar nulla, donec sem morbi, elit quis ipsum nunc, metus veritatis quisque pede nunc morbi. Lorem primis lobortis semper fames cras vel, viverra posuere congue erat. Ac nibh eros elit dolor, molestie ac eget a ante ex, massa tortor sapien, per vivamus luctus scelerisque, urna lorem urna a consequat ut sit. Sed proin laoreet lacus, vel penatibus, sit libero urna ligula vestibulum, et molestiae donec. Nunc vitae arcu, ipsum et phasellus. Rhoncus curabitur in donec metus, eget blandit magna ante phasellus mauris, porttitor quam nec tempus mattis, eu dictumst velit varius a. Odio lacus in. Per ligula suscipit. Purus eget lobortis pellentesque, elit pulvinar euismod in nulla nulla sed, velit mi ac, eu autem sit, quae erat phasellus nam dictum.</p><p style=\"text-align: justify;\"><br></p><p style=\"text-align: justify;\">Amet et in ac, non turpis auctor vulputate etiam, diam duis sed, eros in vitae sem elementum fermentum. Incidunt egestas fringilla amet, in at sollicitudin egestas posuere sapien volutpat, taciti blandit. Et enim, ante et vitae risus omnis interdum sed, tenetur congue tortor justo ipsum. Morbi viverra nisl, ultricies tristique curabitur per cursus, tellus nam id nibh fermentum ipsum vitae. At ullamcorper tellus nec vel pariatur congue, pretium quisque, massa a amet ut wisi, cubilia porttitor, sagittis dui tincidunt faucibus. Mattis sollicitudin phasellus fermentum est elit aliquam, et torquent aliquam volutpat per vehicula dignissim, mattis risus, mi in maecenas nunc, porta pellentesque massa. In eros in, lorem non erat sapien eros, penatibus sit elementum, malesuada vehicula.</p><p style=\"text-align: justify;\"><br></p><p style=\"text-align: justify;\">Tempor praesent tellus mattis ac nibh turpis. At rutrum rutrum. Nec habitasse pretium dignissim morbi amet eget, vitae metus nulla ipsum, faucibus mauris nibh mattis lectus tristique donec, lacus fames nam orci maecenas at egestas, vestibulum lacus vestibulum. Tortor euismod ut praesent dignissim. Vel lectus ac. Nibh proin rutrum imperdiet tempor mauris dolor, vestibulum rhoncus elit vel diam. Taciti dui sociis vestibulum. Suscipit nullam nec risus, sem arcu consequat etiam proin consectetuer feugiat, magna amet dignissim, dapibus dolor semper turpis morbi donec, repellat mauris tristique proin. Pede in neque semper sed cursus id. Augue dolor convallis, arcu arcu, consectetuer aenean et id. Sed interdum elit, non tortor sollicitudin vel sapien. Turpis et ornare, a lectus, consequatur tellus augue pretium interdum suspendisse cumque.</p><p style=\"text-align: justify;\"><br></p><p style=\"text-align: justify;\">Convallis hendrerit. Morbi mollis in etiam, eiusmod sed phasellus tempus non sed orci, luctus morbi tortor maecenas integer nunc vel, suscipit amet nascetur. Lacinia nam vel volutpat lectus laboriosam in. Pellentesque nulla malesuada urna proin ac. Pretium wisi pellentesque, amet in, vitae ac. Wisi sed sed maecenas.</p><p style=\"text-align: justify;\"><br></p>'),(12,'en','Lorem ipsum dolor sit amet, sit id duis quisque nunc pulvinar nulla','<p style=\"text-align: justify;\">Lorem ipsum dolor sit amet, sit id duis quisque nunc pulvinar nulla, donec sem morbi, elit quis ipsum nunc, metus veritatis quisque pede nunc morbi. Lorem primis lobortis semper fames cras vel, viverra posuere congue erat. Ac nibh eros elit dolor, molestie ac eget a ante ex, massa tortor sapien, per vivamus luctus scelerisque, urna lorem urna a consequat ut sit. Sed proin laoreet lacus, vel penatibus, sit libero urna ligula vestibulum, et molestiae donec. Nunc vitae arcu, ipsum et phasellus. Rhoncus curabitur in donec metus, eget blandit magna ante phasellus mauris, porttitor quam nec tempus mattis, eu dictumst velit varius a. Odio lacus in. Per ligula suscipit. Purus eget lobortis pellentesque, elit pulvinar euismod in nulla nulla sed, velit mi ac, eu autem sit, quae erat phasellus nam dictum.</p><p style=\"text-align: justify;\"><br></p><p style=\"text-align: justify;\">Amet et in ac, non turpis auctor vulputate etiam, diam duis sed, eros in vitae sem elementum fermentum. Incidunt egestas fringilla amet, in at sollicitudin egestas posuere sapien volutpat, taciti blandit. Et enim, ante et vitae risus omnis interdum sed, tenetur congue tortor justo ipsum. Morbi viverra nisl, ultricies tristique curabitur per cursus, tellus nam id nibh fermentum ipsum vitae. At ullamcorper tellus nec vel pariatur congue, pretium quisque, massa a amet ut wisi, cubilia porttitor, sagittis dui tincidunt faucibus. Mattis sollicitudin phasellus fermentum est elit aliquam, et torquent aliquam volutpat per vehicula dignissim, mattis risus, mi in maecenas nunc, porta pellentesque massa. In eros in, lorem non erat sapien eros, penatibus sit elementum, malesuada vehicula.</p><p style=\"text-align: justify;\"><br></p><p style=\"text-align: justify;\">Tempor praesent tellus mattis ac nibh turpis. At rutrum rutrum. Nec habitasse pretium dignissim morbi amet eget, vitae metus nulla ipsum, faucibus mauris nibh mattis lectus tristique donec, lacus fames nam orci maecenas at egestas, vestibulum lacus vestibulum. Tortor euismod ut praesent dignissim. Vel lectus ac. Nibh proin rutrum imperdiet tempor mauris dolor, vestibulum rhoncus elit vel diam. Taciti dui sociis vestibulum. Suscipit nullam nec risus, sem arcu consequat etiam proin consectetuer feugiat, magna amet dignissim, dapibus dolor semper turpis morbi donec, repellat mauris tristique proin. Pede in neque semper sed cursus id. Augue dolor convallis, arcu arcu, consectetuer aenean et id. Sed interdum elit, non tortor sollicitudin vel sapien. Turpis et ornare, a lectus, consequatur tellus augue pretium interdum suspendisse cumque.</p><p style=\"text-align: justify;\"><br></p><p style=\"text-align: justify;\">Convallis hendrerit. Morbi mollis in etiam, eiusmod sed phasellus tempus non sed orci, luctus morbi tortor maecenas integer nunc vel, suscipit amet nascetur. Lacinia nam vel volutpat lectus laboriosam in. Pellentesque nulla malesuada urna proin ac. Pretium wisi pellentesque, amet in, vitae ac. Wisi sed sed maecenas.</p><p style=\"text-align: justify;\"><br></p>'),(12,'id','Lorem ipsum dolor sit amet, sit id duis quisque nunc pulvinar nulla','<p style=\"text-align: justify;\">Lorem ipsum dolor sit amet, sit id duis quisque nunc pulvinar nulla, donec sem morbi, elit quis ipsum nunc, metus veritatis quisque pede nunc morbi. Lorem primis lobortis semper fames cras vel, viverra posuere congue erat. Ac nibh eros elit dolor, molestie ac eget a ante ex, massa tortor sapien, per vivamus luctus scelerisque, urna lorem urna a consequat ut sit. Sed proin laoreet lacus, vel penatibus, sit libero urna ligula vestibulum, et molestiae donec. Nunc vitae arcu, ipsum et phasellus. Rhoncus curabitur in donec metus, eget blandit magna ante phasellus mauris, porttitor quam nec tempus mattis, eu dictumst velit varius a. Odio lacus in. Per ligula suscipit. Purus eget lobortis pellentesque, elit pulvinar euismod in nulla nulla sed, velit mi ac, eu autem sit, quae erat phasellus nam dictum.</p><p style=\"text-align: justify;\"><br></p><p style=\"text-align: justify;\">Amet et in ac, non turpis auctor vulputate etiam, diam duis sed, eros in vitae sem elementum fermentum. Incidunt egestas fringilla amet, in at sollicitudin egestas posuere sapien volutpat, taciti blandit. Et enim, ante et vitae risus omnis interdum sed, tenetur congue tortor justo ipsum. Morbi viverra nisl, ultricies tristique curabitur per cursus, tellus nam id nibh fermentum ipsum vitae. At ullamcorper tellus nec vel pariatur congue, pretium quisque, massa a amet ut wisi, cubilia porttitor, sagittis dui tincidunt faucibus. Mattis sollicitudin phasellus fermentum est elit aliquam, et torquent aliquam volutpat per vehicula dignissim, mattis risus, mi in maecenas nunc, porta pellentesque massa. In eros in, lorem non erat sapien eros, penatibus sit elementum, malesuada vehicula.</p><p style=\"text-align: justify;\"><br></p><p style=\"text-align: justify;\">Tempor praesent tellus mattis ac nibh turpis. At rutrum rutrum. Nec habitasse pretium dignissim morbi amet eget, vitae metus nulla ipsum, faucibus mauris nibh mattis lectus tristique donec, lacus fames nam orci maecenas at egestas, vestibulum lacus vestibulum. Tortor euismod ut praesent dignissim. Vel lectus ac. Nibh proin rutrum imperdiet tempor mauris dolor, vestibulum rhoncus elit vel diam. Taciti dui sociis vestibulum. Suscipit nullam nec risus, sem arcu consequat etiam proin consectetuer feugiat, magna amet dignissim, dapibus dolor semper turpis morbi donec, repellat mauris tristique proin. Pede in neque semper sed cursus id. Augue dolor convallis, arcu arcu, consectetuer aenean et id. Sed interdum elit, non tortor sollicitudin vel sapien. Turpis et ornare, a lectus, consequatur tellus augue pretium interdum suspendisse cumque.</p><p style=\"text-align: justify;\"><br></p><p style=\"text-align: justify;\">Convallis hendrerit. Morbi mollis in etiam, eiusmod sed phasellus tempus non sed orci, luctus morbi tortor maecenas integer nunc vel, suscipit amet nascetur. Lacinia nam vel volutpat lectus laboriosam in. Pellentesque nulla malesuada urna proin ac. Pretium wisi pellentesque, amet in, vitae ac. Wisi sed sed maecenas.</p><p style=\"text-align: justify;\"><br></p>'),(13,'en','Lorem ipsum dolor sit amet, sit id duis quisque nunc pulvinar nulla','<p style=\"text-align: justify;\">Lorem ipsum dolor sit amet, sit id duis quisque nunc pulvinar nulla, donec sem morbi, elit quis ipsum nunc, metus veritatis quisque pede nunc morbi. Lorem primis lobortis semper fames cras vel, viverra posuere congue erat. Ac nibh eros elit dolor, molestie ac eget a ante ex, massa tortor sapien, per vivamus luctus scelerisque, urna lorem urna a consequat ut sit. Sed proin laoreet lacus, vel penatibus, sit libero urna ligula vestibulum, et molestiae donec. Nunc vitae arcu, ipsum et phasellus. Rhoncus curabitur in donec metus, eget blandit magna ante phasellus mauris, porttitor quam nec tempus mattis, eu dictumst velit varius a. Odio lacus in. Per ligula suscipit. Purus eget lobortis pellentesque, elit pulvinar euismod in nulla nulla sed, velit mi ac, eu autem sit, quae erat phasellus nam dictum.</p><p style=\"text-align: justify;\"><br></p><p style=\"text-align: justify;\">Amet et in ac, non turpis auctor vulputate etiam, diam duis sed, eros in vitae sem elementum fermentum. Incidunt egestas fringilla amet, in at sollicitudin egestas posuere sapien volutpat, taciti blandit. Et enim, ante et vitae risus omnis interdum sed, tenetur congue tortor justo ipsum. Morbi viverra nisl, ultricies tristique curabitur per cursus, tellus nam id nibh fermentum ipsum vitae. At ullamcorper tellus nec vel pariatur congue, pretium quisque, massa a amet ut wisi, cubilia porttitor, sagittis dui tincidunt faucibus. Mattis sollicitudin phasellus fermentum est elit aliquam, et torquent aliquam volutpat per vehicula dignissim, mattis risus, mi in maecenas nunc, porta pellentesque massa. In eros in, lorem non erat sapien eros, penatibus sit elementum, malesuada vehicula.</p><p style=\"text-align: justify;\"><br></p><p style=\"text-align: justify;\">Tempor praesent tellus mattis ac nibh turpis. At rutrum rutrum. Nec habitasse pretium dignissim morbi amet eget, vitae metus nulla ipsum, faucibus mauris nibh mattis lectus tristique donec, lacus fames nam orci maecenas at egestas, vestibulum lacus vestibulum. Tortor euismod ut praesent dignissim. Vel lectus ac. Nibh proin rutrum imperdiet tempor mauris dolor, vestibulum rhoncus elit vel diam. Taciti dui sociis vestibulum. Suscipit nullam nec risus, sem arcu consequat etiam proin consectetuer feugiat, magna amet dignissim, dapibus dolor semper turpis morbi donec, repellat mauris tristique proin. Pede in neque semper sed cursus id. Augue dolor convallis, arcu arcu, consectetuer aenean et id. Sed interdum elit, non tortor sollicitudin vel sapien. Turpis et ornare, a lectus, consequatur tellus augue pretium interdum suspendisse cumque.</p><p style=\"text-align: justify;\"><br></p><p style=\"text-align: justify;\">Convallis hendrerit. Morbi mollis in etiam, eiusmod sed phasellus tempus non sed orci, luctus morbi tortor maecenas integer nunc vel, suscipit amet nascetur. Lacinia nam vel volutpat lectus laboriosam in. Pellentesque nulla malesuada urna proin ac. Pretium wisi pellentesque, amet in, vitae ac. Wisi sed sed maecenas.</p><p style=\"text-align: justify;\"><br></p>'),(13,'id','Lorem ipsum dolor sit amet, sit id duis quisque nunc pulvinar nulla','<p style=\"text-align: justify;\">Lorem ipsum dolor sit amet, sit id duis quisque nunc pulvinar nulla, donec sem morbi, elit quis ipsum nunc, metus veritatis quisque pede nunc morbi. Lorem primis lobortis semper fames cras vel, viverra posuere congue erat. Ac nibh eros elit dolor, molestie ac eget a ante ex, massa tortor sapien, per vivamus luctus scelerisque, urna lorem urna a consequat ut sit. Sed proin laoreet lacus, vel penatibus, sit libero urna ligula vestibulum, et molestiae donec. Nunc vitae arcu, ipsum et phasellus. Rhoncus curabitur in donec metus, eget blandit magna ante phasellus mauris, porttitor quam nec tempus mattis, eu dictumst velit varius a. Odio lacus in. Per ligula suscipit. Purus eget lobortis pellentesque, elit pulvinar euismod in nulla nulla sed, velit mi ac, eu autem sit, quae erat phasellus nam dictum.</p><p style=\"text-align: justify;\"><br></p><p style=\"text-align: justify;\">Amet et in ac, non turpis auctor vulputate etiam, diam duis sed, eros in vitae sem elementum fermentum. Incidunt egestas fringilla amet, in at sollicitudin egestas posuere sapien volutpat, taciti blandit. Et enim, ante et vitae risus omnis interdum sed, tenetur congue tortor justo ipsum. Morbi viverra nisl, ultricies tristique curabitur per cursus, tellus nam id nibh fermentum ipsum vitae. At ullamcorper tellus nec vel pariatur congue, pretium quisque, massa a amet ut wisi, cubilia porttitor, sagittis dui tincidunt faucibus. Mattis sollicitudin phasellus fermentum est elit aliquam, et torquent aliquam volutpat per vehicula dignissim, mattis risus, mi in maecenas nunc, porta pellentesque massa. In eros in, lorem non erat sapien eros, penatibus sit elementum, malesuada vehicula.</p><p style=\"text-align: justify;\"><br></p><p style=\"text-align: justify;\">Tempor praesent tellus mattis ac nibh turpis. At rutrum rutrum. Nec habitasse pretium dignissim morbi amet eget, vitae metus nulla ipsum, faucibus mauris nibh mattis lectus tristique donec, lacus fames nam orci maecenas at egestas, vestibulum lacus vestibulum. Tortor euismod ut praesent dignissim. Vel lectus ac. Nibh proin rutrum imperdiet tempor mauris dolor, vestibulum rhoncus elit vel diam. Taciti dui sociis vestibulum. Suscipit nullam nec risus, sem arcu consequat etiam proin consectetuer feugiat, magna amet dignissim, dapibus dolor semper turpis morbi donec, repellat mauris tristique proin. Pede in neque semper sed cursus id. Augue dolor convallis, arcu arcu, consectetuer aenean et id. Sed interdum elit, non tortor sollicitudin vel sapien. Turpis et ornare, a lectus, consequatur tellus augue pretium interdum suspendisse cumque.</p><p style=\"text-align: justify;\"><br></p><p style=\"text-align: justify;\">Convallis hendrerit. Morbi mollis in etiam, eiusmod sed phasellus tempus non sed orci, luctus morbi tortor maecenas integer nunc vel, suscipit amet nascetur. Lacinia nam vel volutpat lectus laboriosam in. Pellentesque nulla malesuada urna proin ac. Pretium wisi pellentesque, amet in, vitae ac. Wisi sed sed maecenas.</p><p style=\"text-align: justify;\"><br></p>'),(14,'en','Lorem ipsum dolor sit amet, sit id duis quisque nunc pulvinar nulla','<p style=\"text-align: justify;\">Lorem ipsum dolor sit amet, sit id duis quisque nunc pulvinar nulla, donec sem morbi, elit quis ipsum nunc, metus veritatis quisque pede nunc morbi. Lorem primis lobortis semper fames cras vel, viverra posuere congue erat. Ac nibh eros elit dolor, molestie ac eget a ante ex, massa tortor sapien, per vivamus luctus scelerisque, urna lorem urna a consequat ut sit. Sed proin laoreet lacus, vel penatibus, sit libero urna ligula vestibulum, et molestiae donec. Nunc vitae arcu, ipsum et phasellus. Rhoncus curabitur in donec metus, eget blandit magna ante phasellus mauris, porttitor quam nec tempus mattis, eu dictumst velit varius a. Odio lacus in. Per ligula suscipit. Purus eget lobortis pellentesque, elit pulvinar euismod in nulla nulla sed, velit mi ac, eu autem sit, quae erat phasellus nam dictum.</p><p style=\"text-align: justify;\"><br></p><p style=\"text-align: justify;\">Amet et in ac, non turpis auctor vulputate etiam, diam duis sed, eros in vitae sem elementum fermentum. Incidunt egestas fringilla amet, in at sollicitudin egestas posuere sapien volutpat, taciti blandit. Et enim, ante et vitae risus omnis interdum sed, tenetur congue tortor justo ipsum. Morbi viverra nisl, ultricies tristique curabitur per cursus, tellus nam id nibh fermentum ipsum vitae. At ullamcorper tellus nec vel pariatur congue, pretium quisque, massa a amet ut wisi, cubilia porttitor, sagittis dui tincidunt faucibus. Mattis sollicitudin phasellus fermentum est elit aliquam, et torquent aliquam volutpat per vehicula dignissim, mattis risus, mi in maecenas nunc, porta pellentesque massa. In eros in, lorem non erat sapien eros, penatibus sit elementum, malesuada vehicula.</p><p style=\"text-align: justify;\"><br></p><p style=\"text-align: justify;\">Tempor praesent tellus mattis ac nibh turpis. At rutrum rutrum. Nec habitasse pretium dignissim morbi amet eget, vitae metus nulla ipsum, faucibus mauris nibh mattis lectus tristique donec, lacus fames nam orci maecenas at egestas, vestibulum lacus vestibulum. Tortor euismod ut praesent dignissim. Vel lectus ac. Nibh proin rutrum imperdiet tempor mauris dolor, vestibulum rhoncus elit vel diam. Taciti dui sociis vestibulum. Suscipit nullam nec risus, sem arcu consequat etiam proin consectetuer feugiat, magna amet dignissim, dapibus dolor semper turpis morbi donec, repellat mauris tristique proin. Pede in neque semper sed cursus id. Augue dolor convallis, arcu arcu, consectetuer aenean et id. Sed interdum elit, non tortor sollicitudin vel sapien. Turpis et ornare, a lectus, consequatur tellus augue pretium interdum suspendisse cumque.</p><p style=\"text-align: justify;\"><br></p><p style=\"text-align: justify;\">Convallis hendrerit. Morbi mollis in etiam, eiusmod sed phasellus tempus non sed orci, luctus morbi tortor maecenas integer nunc vel, suscipit amet nascetur. Lacinia nam vel volutpat lectus laboriosam in. Pellentesque nulla malesuada urna proin ac. Pretium wisi pellentesque, amet in, vitae ac. Wisi sed sed maecenas.</p><p style=\"text-align: justify;\"><br></p>'),(14,'id','Lorem ipsum dolor sit amet, sit id duis quisque nunc pulvinar nulla','<p style=\"text-align: justify;\">Lorem ipsum dolor sit amet, sit id duis quisque nunc pulvinar nulla, donec sem morbi, elit quis ipsum nunc, metus veritatis quisque pede nunc morbi. Lorem primis lobortis semper fames cras vel, viverra posuere congue erat. Ac nibh eros elit dolor, molestie ac eget a ante ex, massa tortor sapien, per vivamus luctus scelerisque, urna lorem urna a consequat ut sit. Sed proin laoreet lacus, vel penatibus, sit libero urna ligula vestibulum, et molestiae donec. Nunc vitae arcu, ipsum et phasellus. Rhoncus curabitur in donec metus, eget blandit magna ante phasellus mauris, porttitor quam nec tempus mattis, eu dictumst velit varius a. Odio lacus in. Per ligula suscipit. Purus eget lobortis pellentesque, elit pulvinar euismod in nulla nulla sed, velit mi ac, eu autem sit, quae erat phasellus nam dictum.</p><p style=\"text-align: justify;\"><br></p><p style=\"text-align: justify;\">Amet et in ac, non turpis auctor vulputate etiam, diam duis sed, eros in vitae sem elementum fermentum. Incidunt egestas fringilla amet, in at sollicitudin egestas posuere sapien volutpat, taciti blandit. Et enim, ante et vitae risus omnis interdum sed, tenetur congue tortor justo ipsum. Morbi viverra nisl, ultricies tristique curabitur per cursus, tellus nam id nibh fermentum ipsum vitae. At ullamcorper tellus nec vel pariatur congue, pretium quisque, massa a amet ut wisi, cubilia porttitor, sagittis dui tincidunt faucibus. Mattis sollicitudin phasellus fermentum est elit aliquam, et torquent aliquam volutpat per vehicula dignissim, mattis risus, mi in maecenas nunc, porta pellentesque massa. In eros in, lorem non erat sapien eros, penatibus sit elementum, malesuada vehicula.</p><p style=\"text-align: justify;\"><br></p><p style=\"text-align: justify;\">Tempor praesent tellus mattis ac nibh turpis. At rutrum rutrum. Nec habitasse pretium dignissim morbi amet eget, vitae metus nulla ipsum, faucibus mauris nibh mattis lectus tristique donec, lacus fames nam orci maecenas at egestas, vestibulum lacus vestibulum. Tortor euismod ut praesent dignissim. Vel lectus ac. Nibh proin rutrum imperdiet tempor mauris dolor, vestibulum rhoncus elit vel diam. Taciti dui sociis vestibulum. Suscipit nullam nec risus, sem arcu consequat etiam proin consectetuer feugiat, magna amet dignissim, dapibus dolor semper turpis morbi donec, repellat mauris tristique proin. Pede in neque semper sed cursus id. Augue dolor convallis, arcu arcu, consectetuer aenean et id. Sed interdum elit, non tortor sollicitudin vel sapien. Turpis et ornare, a lectus, consequatur tellus augue pretium interdum suspendisse cumque.</p><p style=\"text-align: justify;\"><br></p><p style=\"text-align: justify;\">Convallis hendrerit. Morbi mollis in etiam, eiusmod sed phasellus tempus non sed orci, luctus morbi tortor maecenas integer nunc vel, suscipit amet nascetur. Lacinia nam vel volutpat lectus laboriosam in. Pellentesque nulla malesuada urna proin ac. Pretium wisi pellentesque, amet in, vitae ac. Wisi sed sed maecenas.</p><p style=\"text-align: justify;\"><br></p>'),(1,'en','Wisata Halal','<p style=\"text-align: justify; \">Halal tourism is now growing rapidly. Various countries are competing to provide ease to Muslims for their fishing come and travel there. Western countries that become the place of Islamfobia development now develop Muslim-friendly tourism. Muslim tourism is known to be family friendly. Parents and their children can enjoy the beauty of the destination while giving them knowledge and education, so they are all enlightened.</p><p style=\"text-align: justify; \">Tourism is not a limit to refresh the mind, but also to internalize the greatness of God that has created the nature and its contents. Thus, concepts like this add knowledge, but also the faith.</p>'),(1,'id','Halal Tourism','<p style=\"text-align: justify; \">Pariwisata halal kini berkembang pesat. Berbagai negara berlomba-lomba memberikan kemudahan kepada umat Islam untuk memancing mereka datang dan berwisata ke sana. Negara-negara Barat yang menjadi tempat perkembangan Islamfobia kini mengembangkan pariwisata ramah Muslim.Pariwisata Muslim dikenal ramah untuk keluarga. Orang tua dan anak-anaknya dapat menikmati keindahan destinasi sambil memberikan mereka pengetahuan dan pendidikan, sehingga semuanya tercerahkan.</p><p style=\"text-align: justify; \">Pariwisata dimaknai bukan sebatas menyegarkan pikiran, melainkan juga menghayati kebesaran Allah yang telah menciptakan alam raya beserta isinya. Sehingga, konsep seperti ini menambah pengetahuan, tapi juga keimanan.</p>');

/*Table structure for table `cms_whoweare` */

DROP TABLE IF EXISTS `cms_whoweare`;

CREATE TABLE `cms_whoweare` (
  `whoweare_id` tinyint(1) NOT NULL AUTO_INCREMENT COMMENT 'id harus selalu 1',
  `whoweare_img` text,
  `insert_user_id` bigint(20) DEFAULT NULL,
  `insert_datetime` datetime DEFAULT NULL,
  `update_user_id` bigint(20) DEFAULT NULL,
  `update_datetime` datetime DEFAULT NULL,
  PRIMARY KEY (`whoweare_id`)
) ENGINE=InnoDB AUTO_INCREMENT=2 DEFAULT CHARSET=latin1;

/*Data for the table `cms_whoweare` */

insert  into `cms_whoweare`(`whoweare_id`,`whoweare_img`,`insert_user_id`,`insert_datetime`,`update_user_id`,`update_datetime`) values (1,'b332f17ce2657dcd023760eeb257e4c4.png',1,'2019-09-20 22:00:19',6,'2019-11-19 16:28:31');

/*Table structure for table `cms_whoweare_text` */

DROP TABLE IF EXISTS `cms_whoweare_text`;

CREATE TABLE `cms_whoweare_text` (
  `whowearetext_whoweare_id` tinyint(1) DEFAULT NULL,
  `whowearetext_lang` varchar(5) DEFAULT NULL,
  `whowearetext_text` text,
  KEY `whowearetext_whoweare_id` (`whowearetext_whoweare_id`),
  KEY `whowearetext_lang` (`whowearetext_lang`),
  CONSTRAINT `cms_whoweare_text_ibfk_1` FOREIGN KEY (`whowearetext_whoweare_id`) REFERENCES `cms_whoweare` (`whoweare_id`) ON DELETE CASCADE ON UPDATE CASCADE
) ENGINE=InnoDB DEFAULT CHARSET=latin1;

/*Data for the table `cms_whoweare_text` */

insert  into `cms_whoweare_text`(`whowearetext_whoweare_id`,`whowearetext_lang`,`whowearetext_text`) values (1,'en','<p xss=\"removed\"><b>PT. BHUMI VISATANDA</b></p><p xss=\"removed\"><b><br></b><span style=\"font-size: 1rem;\">PT Bhumi Visatanda atau dikenal sebagai BHIVA merupakan anak perusahaan PT Taman Wisata Candi Borobudur, Prambanan &amp; Ratu Boko (Persero) yang berdiri sejak tahun 1996.&nbsp; Berpusat di kota pariwisata Yogyakarta, nama perusahaan ini diambil dari bahasa Sansekerta yang berarti Kunjungi Bumi Kita Sendiri.&nbsp;</span></p><p xss=\"removed\">Dengan layanan global yang berpusat dari kota budaya Yogyakarta, Indonesia, BHIVA memiliki empat aktifitas utama yaitu: MICE &amp; Event, Tour &amp; Travel, Transportasi, &amp; Reservasi.</p><p xss=\"removed\"><span style=\"font-size: 1rem;\">Berbagai perusahaan nasional dan multinasional telah mempercayakan eventnya pada BHIVA, seperti, Kementerian Keuangan, Kemeng BUMN, Kantor Kedutaan, Angkasa Pura, Gramedia, UGM, Atmajaya, UII, Yayasan Santa Maria, PT Telekomunikasi Indonesia, Bank Indonesia hingga Coca Cola, JP Morgan dan lain sebagainya.</span><br></p>'),(1,'id','<p xss=\"removed\"><span style=\"font-weight: bolder;\">PT. BHUMI VISATANDA</span></p><p xss=\"removed\"><span style=\"font-weight: bolder;\"><br></span><br></p><p xss=\"removed\">PT Bhumi Visatanda atau dikenal sebagai BHIVA merupakan anak perusahaan PT Taman Wisata Candi Borobudur, Prambanan &amp; Ratu Boko (Persero) yang berdiri sejak tahun 1996.&nbsp; Berpusat di kota pariwisata Yogyakarta, nama perusahaan ini diambil dari bahasa Sansekerta yang berarti Kunjungi Bumi Kita Sendiri.&nbsp;</p><p xss=\"removed\">Dengan layanan global yang berpusat dari kota budaya Yogyakarta, Indonesia, BHIVA memiliki empat aktifitas utama yaitu: MICE &amp; Event, Tour &amp; Travel, Transportasi, &amp; Reservasi.</p><p xss=\"removed\"><span style=\"font-size: 1rem;\">Berbagai perusahaan nasional dan multinasional telah mempercayakan eventnya pada BHIVA, seperti, Kementerian Keuangan, Kemeng BUMN, Kantor Kedutaan, Angkasa Pura, Gramedia, UGM, Atmajaya, UII, Yayasan Santa Maria, PT Telekomunikasi Indonesia, Bank Indonesia hingga Coca Cola, JP Morgan dan lain sebagainya.</span><br></p>');

/*Table structure for table `core_key` */

DROP TABLE IF EXISTS `core_key`;

CREATE TABLE `core_key` (
  `key_id` bigint(20) NOT NULL AUTO_INCREMENT,
  `key_code` varchar(250) DEFAULT NULL,
  `insert_user_id` bigint(20) DEFAULT NULL,
  `insert_datetime` datetime DEFAULT NULL,
  `update_user_id` bigint(20) DEFAULT NULL,
  `update_datetime` datetime DEFAULT NULL,
  PRIMARY KEY (`key_id`)
) ENGINE=InnoDB AUTO_INCREMENT=190 DEFAULT CHARSET=latin1;

/*Data for the table `core_key` */

insert  into `core_key`(`key_id`,`key_code`,`insert_user_id`,`insert_datetime`,`update_user_id`,`update_datetime`) values (1,'login',1,'2019-09-07 19:25:07',NULL,NULL),(2,'username_must_fielld',1,'2019-09-07 21:04:03',NULL,NULL),(3,'password_must_fielld',1,'2019-09-07 21:04:03',NULL,NULL),(4,'username_password_must_fielld',1,'2019-09-07 21:04:03',NULL,NULL),(5,'username_or_password_wrong',1,'2019-09-07 21:44:12',NULL,NULL),(6,'setting',1,'2019-09-08 08:58:29',NULL,NULL),(7,'logout',1,'2019-09-08 09:01:33',NULL,NULL),(8,'dashboard',1,'2019-09-08 09:02:49',NULL,NULL),(9,'master_data',1,'2019-09-08 09:19:06',NULL,NULL),(10,'user',1,'2019-09-08 09:21:27',NULL,NULL),(11,'change_password',1,'2019-09-08 09:26:41',NULL,NULL),(12,'close',1,'2019-09-08 09:36:39',NULL,NULL),(13,'save',1,'2019-09-08 09:36:40',NULL,NULL),(14,'old_password',1,'2019-09-08 09:57:46',NULL,NULL),(15,'new_password',1,'2019-09-08 09:57:46',NULL,NULL),(16,'retype_new_password',1,'2019-09-08 09:57:46',NULL,NULL),(17,'old_password_must_fielld',1,'2019-09-08 09:57:46',NULL,NULL),(18,'new_password_must_fielld',1,'2019-09-08 09:57:46',NULL,NULL),(19,'retype_new_password_must_fielld',1,'2019-09-08 09:57:46',NULL,NULL),(20,'new_password_and_retype_new_password_not_match',1,'2019-09-08 09:57:46',NULL,NULL),(21,'old_password_wrong',1,'2019-09-08 09:57:46',NULL,NULL),(22,'success_change_password',1,'2019-09-08 09:57:46',NULL,NULL),(23,'failed_change_password',1,'2019-09-08 09:57:46',NULL,NULL),(24,'translation',1,'2019-09-08 09:57:46',NULL,NULL),(25,'language',1,'2019-09-09 18:58:45',NULL,NULL),(26,'number',1,'2019-09-09 21:22:09',NULL,NULL),(27,'action',1,'2019-09-09 21:22:57',5,'2019-09-15 20:38:39'),(28,'code',1,'2019-09-09 21:23:42',NULL,NULL),(29,'add',1,'2019-09-09 21:28:25',NULL,NULL),(30,'detail',1,'2019-09-09 21:47:01',NULL,NULL),(31,'edit',1,'2019-09-09 21:47:01',NULL,NULL),(32,'delete',1,'2019-09-09 21:47:01',NULL,NULL),(33,'icon',1,'2019-09-09 21:47:01',NULL,NULL),(34,'choose_image',1,'2019-09-10 06:43:23',NULL,NULL),(35,'process',1,'2019-09-10 19:09:20',NULL,NULL),(36,'msg_add_success',1,'2019-09-10 19:39:42',NULL,NULL),(37,'msg_add_failed',1,'2019-09-10 19:39:42',NULL,NULL),(38,'required',1,'2019-09-10 19:52:01',NULL,NULL),(39,'msg_update_success',1,'2019-09-10 23:41:21',NULL,NULL),(40,'msg_update_failed',1,'2019-09-10 23:41:21',NULL,NULL),(41,'existed',1,'2019-09-11 00:15:38',NULL,NULL),(42,'success_upload',1,'2019-09-11 00:30:19',NULL,NULL),(43,'failed_upload',1,'2019-09-11 00:30:19',NULL,NULL),(44,'allowed_file_is',1,'2019-09-11 00:30:19',NULL,NULL),(45,'max_file_is',1,'2019-09-11 00:30:19',NULL,NULL),(46,'msg_delete_success',1,'2019-09-11 00:32:51',NULL,NULL),(47,'msg_delete_failed',1,'2019-09-11 00:32:51',NULL,NULL),(48,'name',1,'2019-09-12 22:12:08',NULL,NULL),(49,'email',1,'2019-09-12 22:12:24',NULL,NULL),(50,'phone',1,'2019-09-12 22:13:22',NULL,NULL),(51,'admin',1,'2019-09-12 22:13:34',NULL,NULL),(52,'yes',1,'2019-09-12 22:13:47',NULL,NULL),(53,'no',1,'2019-09-12 22:13:55',NULL,NULL),(54,'gender',1,'2019-09-13 07:02:43',NULL,NULL),(55,'birthday',1,'2019-09-13 07:03:01',NULL,NULL),(56,'nationality',1,'2019-09-13 07:03:41',NULL,NULL),(57,'address',1,'2019-09-13 07:03:54',NULL,NULL),(58,'is_admin',1,'2019-09-13 07:04:22',NULL,NULL),(59,'male',1,'2019-09-13 07:05:00',NULL,NULL),(60,'female',1,'2019-09-13 07:05:21',NULL,NULL),(61,'status',1,'2019-09-13 07:05:35',NULL,NULL),(62,'desc',1,'2019-09-13 07:06:03',NULL,NULL),(63,'password',1,'2019-09-13 07:06:22',NULL,NULL),(64,'retype_password',1,'2019-09-13 07:07:10',NULL,NULL),(65,'wni',1,'2019-09-13 07:09:40',NULL,NULL),(66,'wna',1,'2019-09-13 07:10:48',NULL,NULL),(67,'active',1,'2019-09-13 07:15:31',NULL,NULL),(68,'not_active',1,'2019-09-13 07:15:46',NULL,NULL),(69,'select',1,'2019-09-13 07:19:28',NULL,NULL),(70,'note',1,'2019-09-13 17:41:55',NULL,NULL),(71,'password_and_retype_password_not_match',1,'2019-09-14 13:22:45',NULL,NULL),(72,'inserted',1,'2019-09-14 16:23:07',NULL,NULL),(73,'updated',1,'2019-09-14 16:23:32',NULL,NULL),(74,'photo',1,'2019-09-15 00:06:20',NULL,NULL),(75,'cms',1,'2019-09-15 11:57:07',NULL,NULL),(76,'slider',1,'2019-09-15 11:57:37',NULL,NULL),(77,'service',1,'2019-09-15 12:04:28',5,'2019-11-19 09:29:55'),(78,'who_we_are',1,'2019-09-15 12:06:10',NULL,NULL),(79,'contact',1,'2019-09-15 12:41:40',NULL,NULL),(80,'gallery',1,'2019-09-15 12:54:19',NULL,NULL),(81,'destination',1,'2019-09-15 13:31:48',NULL,NULL),(82,'title',1,'2019-09-15 14:00:56',NULL,NULL),(83,'link',1,'2019-09-15 14:01:19',NULL,NULL),(84,'order',1,'2019-09-15 14:02:01',NULL,NULL),(85,'image',1,'2019-09-15 14:19:10',NULL,NULL),(86,'content',1,'2019-09-15 14:23:41',NULL,NULL),(87,'title_link',1,'2019-09-15 14:47:19',1,'2019-09-15 14:47:41'),(88,'is_top',5,'2019-09-17 06:12:23',NULL,NULL),(89,'type',5,'2019-09-17 06:12:47',NULL,NULL),(90,'information',5,'2019-09-17 07:12:55',NULL,NULL),(91,'tour_packages',5,'2019-09-17 20:36:33',NULL,NULL),(92,'ticket',5,'2019-09-17 20:36:52',NULL,NULL),(93,'venue',5,'2019-09-17 20:37:23',NULL,NULL),(94,'alert',5,'2019-09-18 09:06:19',NULL,NULL),(95,'ok',5,'2019-09-18 09:09:40',NULL,NULL),(96,'term_and_condition',5,'2019-09-19 01:11:26',5,'2019-09-19 01:12:11'),(97,'privacy_policy',5,'2019-09-19 18:42:16',NULL,NULL),(98,'whatsapp',5,'2019-09-21 16:57:11',NULL,NULL),(99,'facebook',5,'2019-09-21 16:57:24',NULL,NULL),(100,'instagram',5,'2019-09-21 16:57:48',NULL,NULL),(101,'twitter',5,'2019-09-21 16:57:57',NULL,NULL),(102,'link_maps',5,'2019-09-21 16:58:31',5,'2019-09-22 09:09:12'),(103,'image_maps',5,'2019-09-21 16:58:46',NULL,NULL),(104,'galleryimages',5,'2019-09-22 12:23:47',5,'2019-09-22 12:24:13'),(105,'tourpackages',5,'2019-09-23 18:28:51',NULL,NULL),(106,'default_price_local',5,'2019-09-24 19:07:39',NULL,NULL),(107,'default_price_foreign',5,'2019-09-24 19:08:21',NULL,NULL),(108,'price_period',5,'2019-09-24 22:06:04',NULL,NULL),(109,'local_tourist_price',5,'2019-09-24 22:12:17',NULL,NULL),(110,'foreign_tourist_price',5,'2019-09-24 22:12:49',NULL,NULL),(111,'start',5,'2019-09-24 22:14:22',NULL,NULL),(112,'end',5,'2019-09-24 22:14:30',NULL,NULL),(113,'empty_data',5,'2019-09-26 09:40:13',NULL,NULL),(114,'visitor_type',5,'2019-09-27 21:49:26',NULL,NULL),(116,'is_rating_manual',5,'2019-09-28 16:06:20',NULL,NULL),(117,'rating_manual_value',5,'2019-09-28 16:10:42',NULL,NULL),(118,'total_rater_manual',5,'2019-09-28 16:12:23',NULL,NULL),(119,'day',5,'2019-09-28 23:01:41',NULL,NULL),(120,'is_night',5,'2019-09-28 23:02:32',NULL,NULL),(121,'testimony',5,'2019-10-09 12:24:57',NULL,NULL),(122,'tourpackagestestimony',5,'2019-10-09 13:46:19',NULL,NULL),(123,'rating',5,'2019-10-09 13:59:30',NULL,NULL),(124,'is_process',5,'2019-10-09 14:01:40',5,'2019-10-09 14:02:51'),(125,'is_publish',5,'2019-10-09 14:02:38',NULL,NULL),(126,'date',5,'2019-10-09 16:02:41',NULL,NULL),(127,'publish',5,'2019-10-09 18:28:35',5,'2019-10-09 18:28:51'),(128,'unpublish',5,'2019-10-09 18:29:33',NULL,NULL),(129,'transaction',5,'2019-10-09 19:48:40',NULL,NULL),(130,'venue_schedule',5,'2019-10-09 22:12:25',NULL,NULL),(131,'home',5,'2019-10-22 20:33:52',NULL,NULL),(132,'adult',5,'2019-10-23 02:18:42',NULL,NULL),(133,'child',5,'2019-10-23 02:19:52',NULL,NULL),(134,'student',5,'2019-10-23 02:20:54',NULL,NULL),(135,'tourist_type',5,'2019-10-23 02:29:08',NULL,NULL),(136,'search',5,'2019-10-23 02:31:26',NULL,NULL),(137,'other_packages',5,'2019-10-23 04:01:44',5,'2019-11-24 07:40:54'),(138,'subscribe',5,'2019-10-23 04:27:10',NULL,NULL),(139,'enter_your_email',5,'2019-10-23 04:30:25',NULL,NULL),(140,'text_subscribe',5,'2019-10-25 17:41:43',NULL,NULL),(141,'text_form_ticket',5,'2019-10-25 17:44:16',NULL,NULL),(142,'text_from_ticket_title',5,'2019-10-25 17:46:38',NULL,NULL),(143,'text_most_popular_package',5,'2019-10-25 17:56:22',NULL,NULL),(144,'text_most_popular_package_title',5,'2019-10-25 17:57:06',NULL,NULL),(145,'company',5,'2019-10-26 20:10:37',NULL,NULL),(146,'support',5,'2019-10-27 06:27:10',NULL,NULL),(147,'follow_us_on',5,'2019-10-27 06:28:32',NULL,NULL),(148,'register',5,'2019-10-27 12:59:49',NULL,NULL),(149,'forget_password',5,'2019-10-27 17:06:46',NULL,NULL),(150,'is_type_visitor',5,'2019-10-28 05:30:54',5,'2019-10-28 05:41:11'),(151,'greeting',5,'2019-11-03 18:21:46',NULL,NULL),(152,'link_img',5,'2019-11-03 19:06:39',NULL,NULL),(153,'bhiva',5,'2019-11-03 19:11:05',NULL,NULL),(154,'travel_post',5,'2019-11-03 19:11:35',NULL,NULL),(155,'location',5,'2019-11-03 20:36:56',NULL,NULL),(156,'destination_location',5,'2019-11-03 21:27:20',NULL,NULL),(157,'is_show_home',5,'2019-11-03 22:43:43',5,'2019-11-03 22:43:58'),(158,'text_home_destination',5,'2019-11-04 05:34:41',NULL,NULL),(159,'other_destination',5,'2019-11-04 05:50:20',NULL,NULL),(160,'our_photo_gallery',5,'2019-11-10 13:23:01',NULL,NULL),(161,'text_our_photo_gallery',5,'2019-11-10 18:08:29',NULL,NULL),(162,'photo_gallery',5,'2019-11-10 18:34:08',NULL,NULL),(163,'blank_photo_data',5,'2019-11-11 01:47:53',NULL,NULL),(164,'travelpost',5,'2019-11-16 11:17:24',NULL,NULL),(165,'latest_posts',5,'2019-11-18 06:09:13',NULL,NULL),(166,'share_on',5,'2019-11-18 07:26:46',NULL,NULL),(167,'text_travel_post',5,'2019-11-19 05:16:48',NULL,NULL),(168,'load_more',5,'2019-11-19 05:25:38',NULL,NULL),(169,'loading',5,'2019-11-19 05:54:07',NULL,NULL),(170,'more_travel_post',5,'2019-11-21 08:40:06',NULL,NULL),(171,'tour_packages_related',5,'2019-11-21 10:37:40',NULL,NULL),(172,'there_are_no_tour_packages',5,'2019-11-21 10:49:29',NULL,NULL),(173,'filter',5,'2019-11-24 12:13:02',NULL,NULL),(174,'price',5,'2019-11-24 12:25:04',NULL,NULL),(175,'minimum',5,'2019-11-24 14:25:28',NULL,NULL),(176,'maximum',5,'2019-11-24 14:25:43',NULL,NULL),(177,'time',5,'2019-11-24 14:32:06',NULL,NULL),(178,'total_day',5,'2019-11-24 18:51:48',NULL,NULL),(179,'total_night',5,'2019-11-24 18:53:11',NULL,NULL),(180,'total_night_total_day_text',5,'2019-11-24 22:42:49',NULL,NULL),(181,'night',5,'2019-11-25 04:16:06',NULL,NULL),(182,'all',5,'2019-11-25 04:22:24',NULL,NULL),(183,'latest',5,'2019-11-25 09:05:54',NULL,NULL),(184,'most_popular',5,'2019-11-25 09:07:05',NULL,NULL),(185,'lowest_price',5,'2019-11-25 09:08:18',NULL,NULL),(186,'highest_price',5,'2019-11-25 09:09:47',NULL,NULL),(187,'sort',5,'2019-11-25 09:13:42',NULL,NULL),(188,'show',5,'2019-11-25 10:34:08',NULL,NULL),(189,'data',5,'2019-11-25 10:34:22',NULL,NULL);

/*Table structure for table `core_key_text` */

DROP TABLE IF EXISTS `core_key_text`;

CREATE TABLE `core_key_text` (
  `keytext_key_id` bigint(20) DEFAULT NULL,
  `keytext_lang_code` varchar(5) DEFAULT NULL,
  `keytext_text` text,
  `insert_user_id` bigint(20) DEFAULT NULL,
  `insert_datetime` datetime DEFAULT NULL,
  `update_user_id` bigint(20) DEFAULT NULL,
  `update_datetime` datetime DEFAULT NULL,
  KEY `keytext_lang_code` (`keytext_lang_code`),
  KEY `keytext_key_id` (`keytext_key_id`),
  CONSTRAINT `core_key_text_ibfk_2` FOREIGN KEY (`keytext_lang_code`) REFERENCES `core_lang` (`lang_code`),
  CONSTRAINT `core_key_text_ibfk_3` FOREIGN KEY (`keytext_key_id`) REFERENCES `core_key` (`key_id`) ON DELETE CASCADE ON UPDATE CASCADE
) ENGINE=InnoDB DEFAULT CHARSET=latin1;

/*Data for the table `core_key_text` */

insert  into `core_key_text`(`keytext_key_id`,`keytext_lang_code`,`keytext_text`,`insert_user_id`,`insert_datetime`,`update_user_id`,`update_datetime`) values (1,'id','Login',1,'2019-09-07 19:29:48',NULL,NULL),(1,'en','Login',1,'2019-09-07 19:29:48',NULL,NULL),(2,'id','Username harus diisi',1,'2019-09-07 21:06:44',NULL,NULL),(2,'en','Username must be fielld',1,'2019-09-07 21:06:44',NULL,NULL),(3,'id','Password harus diisi',1,'2019-09-07 21:06:44',NULL,NULL),(3,'en','Password must be fielld',1,'2019-09-07 21:06:44',NULL,NULL),(4,'id','Username dan Password harus diisi',1,'2019-09-07 21:06:44',NULL,NULL),(4,'en','Username and Password must be fielld',1,'2019-09-07 21:06:44',NULL,NULL),(5,'id','Username atau Password salah',1,'2019-09-07 21:45:04',NULL,NULL),(5,'en','Username or Password is wrong',1,'2019-09-07 21:45:05',NULL,NULL),(6,'id','Setting',1,'2019-09-08 08:58:53',NULL,NULL),(6,'en','Setting',1,'2019-09-08 08:58:56',NULL,NULL),(7,'id','Logout',1,'2019-09-08 09:02:01',NULL,NULL),(7,'en','Logout',1,'2019-09-08 09:02:02',NULL,NULL),(8,'id','Dashboard',1,'2019-09-08 09:03:10',NULL,NULL),(8,'en','Dashboard',1,'2019-09-08 09:03:11',NULL,NULL),(9,'id','Data Master',1,'2019-09-08 09:19:40',NULL,NULL),(9,'en','Master Data',1,'2019-09-08 09:19:42',NULL,NULL),(10,'id','User',1,'2019-09-08 09:21:50',NULL,NULL),(10,'en','User',1,'2019-09-08 09:21:52',NULL,NULL),(11,'id','Ubah Password',1,'2019-09-08 09:27:29',NULL,NULL),(11,'en','Change Password',1,'2019-09-08 09:27:29',NULL,NULL),(12,'id','Tutup',1,'2019-09-08 09:37:46',NULL,NULL),(12,'en','Close',1,'2019-09-08 09:37:46',NULL,NULL),(13,'id','Simpan',1,'2019-09-08 09:37:46',NULL,NULL),(13,'en','Save',1,'2019-09-08 09:37:46',NULL,NULL),(14,'id','Password Lama',1,'2019-09-08 09:58:22',NULL,NULL),(14,'en','Old Password',1,'2019-09-08 09:58:22',NULL,NULL),(15,'id','Password Baru',1,'2019-09-08 09:58:22',NULL,NULL),(15,'en','New Password',1,'2019-09-08 09:58:22',NULL,NULL),(16,'id','Ketik Ulang Password Baru',1,'2019-09-08 09:58:22',NULL,NULL),(16,'en','Retype New Password',1,'2019-09-08 09:58:22',NULL,NULL),(17,'id','Password lama harus diisi',1,'2019-09-08 09:58:22',NULL,NULL),(17,'en','Old Password must be fielld',1,'2019-09-08 09:58:22',NULL,NULL),(18,'id','Password Baru harus diisi',1,'2019-09-08 09:58:22',NULL,NULL),(18,'en','New Password must be fielld',1,'2019-09-08 09:58:22',NULL,NULL),(19,'id','Ketik Ulang Password Baru harus diisi',1,'2019-09-08 09:58:22',NULL,NULL),(19,'en','Retype New Password must be fielld',1,'2019-09-08 09:58:22',NULL,NULL),(20,'id','Password Baru dan Ketik Ulang Password Baru tidak cocok',1,'2019-09-08 09:58:22',NULL,NULL),(20,'en','New Password and Retype New Password not match',1,'2019-09-08 09:58:22',NULL,NULL),(21,'id','Password Lama salah',1,'2019-09-08 09:58:22',NULL,NULL),(21,'en','Old Password wrong',1,'2019-09-08 09:58:22',NULL,NULL),(22,'id','Berhasil merubah password',1,'2019-09-08 09:58:22',NULL,NULL),(22,'en','Success change password',1,'2019-09-08 09:58:22',NULL,NULL),(23,'id','Gagal merubah password',1,'2019-09-08 09:58:22',NULL,NULL),(23,'en','Failed change password',1,'2019-09-08 09:58:22',NULL,NULL),(24,'id','Terjemahan',1,'2019-09-08 09:58:22',NULL,NULL),(24,'en','Translation',1,'2019-09-08 09:58:22',NULL,NULL),(25,'id','Bahasa',1,'2019-09-09 18:59:17',NULL,NULL),(25,'en','Language',1,'2019-09-09 18:59:18',NULL,NULL),(26,'id','No',1,'2019-09-09 21:22:38',NULL,NULL),(26,'en','No',1,'2019-09-09 21:22:38',NULL,NULL),(27,'id','Aksi',1,'2019-09-09 21:23:23',1,'2019-09-13 07:35:19'),(27,'en','Action',1,'2019-09-09 21:23:23',1,'2019-09-13 07:35:19'),(28,'id',' Kode',1,'2019-09-09 21:24:08',NULL,NULL),(28,'en','Code',1,'2019-09-09 21:24:11',NULL,NULL),(29,'id','Tambah',1,'2019-09-09 21:28:48',NULL,NULL),(29,'en','Add',1,'2019-09-09 21:28:48',NULL,NULL),(30,'id','Detail',1,'2019-09-09 21:49:03',NULL,NULL),(30,'en','Detail',1,'2019-09-09 21:49:03',NULL,NULL),(31,'id','Ubah',1,'2019-09-09 21:49:03',NULL,NULL),(31,'en','Edit',1,'2019-09-09 21:49:03',NULL,NULL),(32,'id','Hapus',1,'2019-09-09 21:49:03',NULL,NULL),(32,'en','Delete',1,'2019-09-09 21:49:03',NULL,NULL),(33,'id','Icon',1,'2019-09-09 21:49:03',NULL,NULL),(33,'en','Icon',1,'2019-09-09 21:49:03',NULL,NULL),(34,'id','Pilih Gambar',1,'2019-09-10 06:43:53',NULL,NULL),(34,'en','Choose Image',1,'2019-09-10 06:43:54',NULL,NULL),(35,'id','Proses',1,'2019-09-10 19:09:51',NULL,NULL),(35,'en','Process',1,'2019-09-10 19:09:51',NULL,NULL),(36,'id','Berhasil Menambah Data',1,'2019-09-10 19:41:31',NULL,NULL),(36,'en','Add Data Successfully',1,'2019-09-10 19:41:33',NULL,NULL),(37,'id','Gagal Menambah Data',1,'2019-09-10 19:42:45',NULL,NULL),(37,'en','Add Data Failed',1,'2019-09-10 19:42:50',NULL,NULL),(38,'id','Dibutuhkan',1,'2019-09-10 19:52:33',NULL,NULL),(38,'en','Required',1,'2019-09-10 19:52:33',NULL,NULL),(39,'id','Berhasil Merubah Data',1,'2019-09-10 23:43:28',NULL,NULL),(39,'en','Edit Data Successfully',1,'2019-09-10 23:43:28',NULL,NULL),(40,'id','Gagal Merubah Data',1,'2019-09-10 23:43:28',NULL,NULL),(40,'en','Edit Data Failed',1,'2019-09-10 23:43:28',NULL,NULL),(41,'id','Sudah Ada',1,'2019-09-11 00:13:26',NULL,NULL),(41,'en','Already Exists',1,'2019-09-11 00:13:26',NULL,NULL),(42,'id','Berhasil Upload',1,'2019-09-11 00:17:44',NULL,NULL),(42,'en','Success Upload',1,'2019-09-11 00:17:44',NULL,NULL),(43,'id','Gagal Upload',1,'2019-09-11 00:17:44',NULL,NULL),(43,'en','Failed Upload',1,'2019-09-11 00:17:44',NULL,NULL),(44,'id','File yang diperbolehkan adalah',1,'2019-09-11 00:17:44',NULL,NULL),(44,'en','Allowed file is',1,'2019-09-11 00:17:44',NULL,NULL),(45,'id','Ukuran file maksimal adalah',1,'2019-09-11 00:18:47',NULL,NULL),(45,'en','Max file size is',1,'2019-09-11 00:18:47',NULL,NULL),(46,'id','Berhasil Menghapus Data',1,'2019-09-11 00:32:37',NULL,NULL),(46,'en','Delete Data Successfully',1,'2019-09-11 00:32:37',NULL,NULL),(47,'id','Gagal Menghapus Data',1,'2019-09-11 00:32:37',NULL,NULL),(47,'en','Delete Data Failed',1,'2019-09-11 00:32:37',NULL,NULL),(48,'en','Name',1,'2019-09-12 22:12:08',NULL,NULL),(48,'id','Nama',1,'2019-09-12 22:12:08',NULL,NULL),(49,'en','Email',1,'2019-09-12 22:12:24',NULL,NULL),(49,'id','Email',1,'2019-09-12 22:12:24',NULL,NULL),(50,'en','Phone',1,'2019-09-12 22:13:22',NULL,NULL),(50,'id','Telepon',1,'2019-09-12 22:13:22',NULL,NULL),(51,'en','Admin',1,'2019-09-12 22:13:34',NULL,NULL),(51,'id','Admin',1,'2019-09-12 22:13:34',NULL,NULL),(52,'en','Yes',1,'2019-09-12 22:13:47',NULL,NULL),(52,'id','Ya',1,'2019-09-12 22:13:47',NULL,NULL),(53,'en','No',1,'2019-09-12 22:13:55',NULL,NULL),(53,'id','Tidak',1,'2019-09-12 22:13:55',NULL,NULL),(54,'en','Gender',1,'2019-09-13 07:02:43',NULL,NULL),(54,'id','Jenis Kelamin',1,'2019-09-13 07:02:43',NULL,NULL),(55,'en','Birthday',1,'2019-09-13 07:03:01',NULL,NULL),(55,'id','Tanggal Lahir',1,'2019-09-13 07:03:01',NULL,NULL),(56,'en','Nationality',1,'2019-09-13 07:03:41',NULL,NULL),(56,'id','Kewarganegaraan',1,'2019-09-13 07:03:41',NULL,NULL),(57,'en','Address',1,'2019-09-13 07:03:54',NULL,NULL),(57,'id','Alamat',1,'2019-09-13 07:03:54',NULL,NULL),(58,'en','Is Admin',1,'2019-09-13 07:04:22',NULL,NULL),(58,'id','Apakah Admin',1,'2019-09-13 07:04:22',NULL,NULL),(59,'en','Male',1,'2019-09-13 07:05:00',NULL,NULL),(59,'id','Pria',1,'2019-09-13 07:05:00',NULL,NULL),(60,'en','Female',1,'2019-09-13 07:05:21',NULL,NULL),(60,'id','Wanita',1,'2019-09-13 07:05:21',NULL,NULL),(61,'en','Status',1,'2019-09-13 07:05:35',NULL,NULL),(61,'id','Status',1,'2019-09-13 07:05:35',NULL,NULL),(62,'en','Description',1,'2019-09-13 07:06:03',NULL,NULL),(62,'id','Deskripsi',1,'2019-09-13 07:06:03',NULL,NULL),(63,'en','Password',1,'2019-09-13 07:06:22',NULL,NULL),(63,'id','Password',1,'2019-09-13 07:06:22',NULL,NULL),(64,'en','Retype Password',1,'2019-09-13 07:07:10',NULL,NULL),(64,'id','Ulang Password',1,'2019-09-13 07:07:10',NULL,NULL),(65,'en','Indonesian Citizens',1,'2019-09-13 07:09:40',NULL,NULL),(65,'id','Warga Negara Indonesia',1,'2019-09-13 07:09:40',NULL,NULL),(66,'en','Other Citizens',1,'2019-09-13 07:10:48',NULL,NULL),(66,'id','Warga Negara Asing',1,'2019-09-13 07:10:48',NULL,NULL),(67,'en','Active',1,'2019-09-13 07:15:31',NULL,NULL),(67,'id','Aktif',1,'2019-09-13 07:15:31',NULL,NULL),(68,'en','Not Active',1,'2019-09-13 07:15:46',NULL,NULL),(68,'id','Tidak Aktif',1,'2019-09-13 07:15:46',NULL,NULL),(69,'en','Select',1,'2019-09-13 07:19:28',NULL,NULL),(69,'id','Pilih',1,'2019-09-13 07:19:28',NULL,NULL),(70,'en','Note',1,'2019-09-13 17:41:55',NULL,NULL),(70,'id','Catatan',1,'2019-09-13 17:41:55',NULL,NULL),(71,'en','Password and Retype Password Not Match',1,'2019-09-14 13:22:45',NULL,NULL),(71,'id','Password dan Ulang Password Tidak Cocok',1,'2019-09-14 13:22:45',NULL,NULL),(72,'en','Inserted',1,'2019-09-14 16:23:07',NULL,NULL),(72,'id','Dimasukan',1,'2019-09-14 16:23:07',NULL,NULL),(73,'en','Updated',1,'2019-09-14 16:23:32',NULL,NULL),(73,'id','Diupdate',1,'2019-09-14 16:23:32',NULL,NULL),(74,'en','Photo',1,'2019-09-15 00:06:20',NULL,NULL),(74,'id','Foto',1,'2019-09-15 00:06:20',NULL,NULL),(75,'en','CMS',1,'2019-09-15 11:57:07',NULL,NULL),(75,'id','CMS',1,'2019-09-15 11:57:07',NULL,NULL),(76,'en','Slider',1,'2019-09-15 11:57:37',NULL,NULL),(76,'id','Slider',1,'2019-09-15 11:57:37',NULL,NULL),(77,'en','Services',1,'2019-09-15 12:04:28',5,'2019-11-19 09:29:55'),(77,'id','Layanan',1,'2019-09-15 12:04:28',5,'2019-11-19 09:29:55'),(78,'en','Who We Are',1,'2019-09-15 12:06:10',NULL,NULL),(78,'id','Tentang Kami',1,'2019-09-15 12:06:10',NULL,NULL),(79,'en','Contact',1,'2019-09-15 12:41:40',NULL,NULL),(79,'id','Kontak',1,'2019-09-15 12:41:40',NULL,NULL),(80,'en','Gallery',1,'2019-09-15 12:54:19',NULL,NULL),(80,'id','Galeri',1,'2019-09-15 12:54:19',NULL,NULL),(81,'en','Destination',1,'2019-09-15 13:31:48',NULL,NULL),(81,'id','Destinasi',1,'2019-09-15 13:31:48',NULL,NULL),(82,'en','Title',1,'2019-09-15 14:00:56',NULL,NULL),(82,'id','Judul',1,'2019-09-15 14:00:56',NULL,NULL),(83,'en','Link',1,'2019-09-15 14:01:19',NULL,NULL),(83,'id','Tautan',1,'2019-09-15 14:01:19',NULL,NULL),(84,'en','Order',1,'2019-09-15 14:02:01',NULL,NULL),(84,'id','Urutan',1,'2019-09-15 14:02:01',NULL,NULL),(85,'en','Image',1,'2019-09-15 14:19:10',NULL,NULL),(85,'id','Gambar',1,'2019-09-15 14:19:10',NULL,NULL),(86,'en','Content',1,'2019-09-15 14:23:41',NULL,NULL),(86,'id','Konten',1,'2019-09-15 14:23:41',NULL,NULL),(87,'en','Title Link',1,'2019-09-15 14:47:19',1,'2019-09-15 14:47:41'),(87,'id','Judul Tautan',1,'2019-09-15 14:47:19',1,'2019-09-15 14:47:41'),(88,'en','Top Position',5,'2019-09-17 06:12:23',NULL,NULL),(88,'id','Posisi Atas',5,'2019-09-17 06:12:23',NULL,NULL),(89,'en','Type',5,'2019-09-17 06:12:47',NULL,NULL),(89,'id','Jenis',5,'2019-09-17 06:12:47',NULL,NULL),(90,'en','Information',5,'2019-09-17 07:12:55',NULL,NULL),(90,'id','Informasi',5,'2019-09-17 07:12:55',NULL,NULL),(91,'en','Tour Packages',5,'2019-09-17 20:36:33',NULL,NULL),(91,'id','Paket Wisata',5,'2019-09-17 20:36:33',NULL,NULL),(92,'en','Ticket',5,'2019-09-17 20:36:52',NULL,NULL),(92,'id','Tiket',5,'2019-09-17 20:36:52',NULL,NULL),(93,'en','Venue',5,'2019-09-17 20:37:23',NULL,NULL),(93,'id','Venue',5,'2019-09-17 20:37:23',NULL,NULL),(94,'en','Alert',5,'2019-09-18 09:06:19',NULL,NULL),(94,'id','Peringatan',5,'2019-09-18 09:06:19',NULL,NULL),(95,'en','Ok',5,'2019-09-18 09:09:40',NULL,NULL),(95,'id','Ok',5,'2019-09-18 09:09:40',NULL,NULL),(96,'en','Term & Condition',5,'2019-09-19 01:11:26',5,'2019-09-19 01:12:11'),(96,'id','Syarat & Ketentuan',5,'2019-09-19 01:11:26',5,'2019-09-19 01:12:11'),(97,'en','Privacy Policy',5,'2019-09-19 18:42:16',NULL,NULL),(97,'id','Kebijakan Privasi',5,'2019-09-19 18:42:16',NULL,NULL),(98,'en','Whatsapp',5,'2019-09-21 16:57:11',NULL,NULL),(98,'id','Whatsapp',5,'2019-09-21 16:57:11',NULL,NULL),(99,'en','Facebook',5,'2019-09-21 16:57:24',NULL,NULL),(99,'id','Facebook',5,'2019-09-21 16:57:24',NULL,NULL),(100,'en','Instagram',5,'2019-09-21 16:57:48',NULL,NULL),(100,'id','Instagram',5,'2019-09-21 16:57:48',NULL,NULL),(101,'en','Twitter',5,'2019-09-21 16:57:57',NULL,NULL),(101,'id','Twitter',5,'2019-09-21 16:57:57',NULL,NULL),(102,'en','Link Maps',5,'2019-09-21 16:58:31',5,'2019-09-22 09:09:12'),(102,'id','Tautan Peta',5,'2019-09-21 16:58:31',5,'2019-09-22 09:09:12'),(103,'en','Image Maps',5,'2019-09-21 16:58:46',NULL,NULL),(103,'id','Gambar Peta',5,'2019-09-21 16:58:46',NULL,NULL),(104,'en','Gallery Images',5,'2019-09-22 12:23:47',5,'2019-09-22 12:24:13'),(104,'id','Gambar Galeri',5,'2019-09-22 12:23:47',5,'2019-09-22 12:24:13'),(105,'en','Tour Packages',5,'2019-09-23 18:28:51',NULL,NULL),(105,'id','Paket Wisata',5,'2019-09-23 18:28:51',NULL,NULL),(106,'en','Default Local Tourist Prices',5,'2019-09-24 19:07:39',NULL,NULL),(106,'id','Harga Default Wisatawan Lokal',5,'2019-09-24 19:07:39',NULL,NULL),(107,'en','Default Foreign Tourist Prices',5,'2019-09-24 19:08:21',NULL,NULL),(107,'id','Harga Default Wisatawan Asing',5,'2019-09-24 19:08:21',NULL,NULL),(108,'en','Price Period',5,'2019-09-24 22:06:04',NULL,NULL),(108,'id','Periode Harga',5,'2019-09-24 22:06:04',NULL,NULL),(109,'en','Local Tourist Price',5,'2019-09-24 22:12:17',NULL,NULL),(109,'id','Harga Wisatawan Lokal',5,'2019-09-24 22:12:17',NULL,NULL),(110,'en','Foreign Tourist Price',5,'2019-09-24 22:12:49',NULL,NULL),(110,'id','Harga Wisatawan Asing',5,'2019-09-24 22:12:49',NULL,NULL),(111,'en','Start',5,'2019-09-24 22:14:22',NULL,NULL),(111,'id','Mulai',5,'2019-09-24 22:14:22',NULL,NULL),(112,'en','End',5,'2019-09-24 22:14:30',NULL,NULL),(112,'id','Selesai',5,'2019-09-24 22:14:30',NULL,NULL),(113,'en','Empty Data',5,'2019-09-26 09:40:13',NULL,NULL),(113,'id','Data Kosong',5,'2019-09-26 09:40:13',NULL,NULL),(114,'en','Visitor Type',5,'2019-09-27 21:49:26',NULL,NULL),(114,'id','Jenis Pengunjung',5,'2019-09-27 21:49:26',NULL,NULL),(116,'en','Manual Rating',5,'2019-09-28 16:06:20',NULL,NULL),(116,'id','Penilaian Manual',5,'2019-09-28 16:06:20',NULL,NULL),(117,'en','Value of Rating Manual (1-5)',5,'2019-09-28 16:10:42',NULL,NULL),(117,'id','Nilai Penilaian Manual (1-5)',5,'2019-09-28 16:10:42',NULL,NULL),(118,'en','Rater Manual Total',5,'2019-09-28 16:12:23',NULL,NULL),(118,'id','Jumlah Penilai Manual',5,'2019-09-28 16:12:23',NULL,NULL),(119,'en','Day',5,'2019-09-28 23:01:41',NULL,NULL),(119,'id','Hari',5,'2019-09-28 23:01:41',NULL,NULL),(120,'en','Until Night',5,'2019-09-28 23:02:32',NULL,NULL),(120,'id','Sampai Malam',5,'2019-09-28 23:02:32',NULL,NULL),(121,'en','Testimony',5,'2019-10-09 12:24:57',NULL,NULL),(121,'id','Testimoni',5,'2019-10-09 12:24:57',NULL,NULL),(122,'en','Tour Packages Testimony',5,'2019-10-09 13:46:19',NULL,NULL),(122,'id','Testimoni Paket Wisata',5,'2019-10-09 13:46:19',NULL,NULL),(123,'en','Rating',5,'2019-10-09 13:59:30',NULL,NULL),(123,'id','Penilaian',5,'2019-10-09 13:59:30',NULL,NULL),(124,'en','Processed?',5,'2019-10-09 14:01:40',5,'2019-10-09 14:02:51'),(124,'id','Diproses?',5,'2019-10-09 14:01:40',5,'2019-10-09 14:02:51'),(125,'en','Published?',5,'2019-10-09 14:02:38',NULL,NULL),(125,'id','Dipublikasi?',5,'2019-10-09 14:02:38',NULL,NULL),(126,'en','Date',5,'2019-10-09 16:02:41',NULL,NULL),(126,'id','Tanggal',5,'2019-10-09 16:02:41',NULL,NULL),(127,'en','Publish',5,'2019-10-09 18:28:35',5,'2019-10-09 18:28:51'),(127,'id','Publikasi',5,'2019-10-09 18:28:35',5,'2019-10-09 18:28:51'),(128,'en','Unpublish',5,'2019-10-09 18:29:33',NULL,NULL),(128,'id','Batalkan Publikasi',5,'2019-10-09 18:29:33',NULL,NULL),(129,'en','Transaction',5,'2019-10-09 19:48:40',NULL,NULL),(129,'id','Transaksi',5,'2019-10-09 19:48:40',NULL,NULL),(130,'en','Venue Schedule',5,'2019-10-09 22:12:25',NULL,NULL),(130,'id','Jadwal Venue',5,'2019-10-09 22:12:25',NULL,NULL),(131,'en','Home',5,'2019-10-22 20:33:52',NULL,NULL),(131,'id','Beranda',5,'2019-10-22 20:33:52',NULL,NULL),(132,'en','Adult',5,'2019-10-23 02:18:42',NULL,NULL),(132,'id','Dewasa',5,'2019-10-23 02:18:42',NULL,NULL),(133,'en','Child',5,'2019-10-23 02:19:52',NULL,NULL),(133,'id','Anak',5,'2019-10-23 02:19:52',NULL,NULL),(134,'en','Student',5,'2019-10-23 02:20:54',NULL,NULL),(134,'id','Pelajar',5,'2019-10-23 02:20:54',NULL,NULL),(135,'en','Tourist Type',5,'2019-10-23 02:29:08',NULL,NULL),(135,'id','Jenis Wisatawan',5,'2019-10-23 02:29:08',NULL,NULL),(136,'en','Search',5,'2019-10-23 02:31:26',NULL,NULL),(136,'id','Cari',5,'2019-10-23 02:31:26',NULL,NULL),(137,'en','Other Travel Packages',5,'2019-10-23 04:01:44',5,'2019-11-24 07:40:54'),(137,'id','Paket Wisata Lainnya',5,'2019-10-23 04:01:44',5,'2019-11-24 07:40:54'),(138,'en','Subscribe',5,'2019-10-23 04:27:10',NULL,NULL),(138,'id','Langganan',5,'2019-10-23 04:27:10',NULL,NULL),(139,'en','Enter Your email',5,'2019-10-23 04:30:25',NULL,NULL),(139,'id','Masukan email Anda',5,'2019-10-23 04:30:25',NULL,NULL),(140,'en','Subscribe to our newsletter now and be the first to know about BHIVA\'s latest promos!',5,'2019-10-25 17:41:43',NULL,NULL),(140,'id','Berlangganan newsletter kami sekarang dan jadilah yang pertama tahu tentang promo terbaru BHIVA!',5,'2019-10-25 17:41:43',NULL,NULL),(141,'en','Choose your own entrance ticket to the temple',5,'2019-10-25 17:44:16',NULL,NULL),(141,'id','Pilih tiket masuk Anda sendiri ke candi',5,'2019-10-25 17:44:16',NULL,NULL),(142,'en','Temple Entrance Ticket',5,'2019-10-25 17:46:38',NULL,NULL),(142,'id','Tiket Masuk Candi',5,'2019-10-25 17:46:38',NULL,NULL),(143,'en','Choose your own choice of attractive tour packages that we provide',5,'2019-10-25 17:56:22',NULL,NULL),(143,'id','Pilih sendiri pilihan paket wisata menarik yang kami sediakan',5,'2019-10-25 17:56:22',NULL,NULL),(144,'en','Most Popular Travel Packages',5,'2019-10-25 17:57:06',NULL,NULL),(144,'id','Paket Perjalanan Paling Populer',5,'2019-10-25 17:57:06',NULL,NULL),(145,'en','Company',5,'2019-10-26 20:10:37',NULL,NULL),(145,'id','Perusahaan',5,'2019-10-26 20:10:37',NULL,NULL),(146,'en','Support',5,'2019-10-27 06:27:10',NULL,NULL),(146,'id','Dukungan',5,'2019-10-27 06:27:10',NULL,NULL),(147,'en','Follow Us',5,'2019-10-27 06:28:32',NULL,NULL),(147,'id','Ikuti Kami',5,'2019-10-27 06:28:32',NULL,NULL),(148,'en','Register',5,'2019-10-27 12:59:49',NULL,NULL),(148,'id','Daftar',5,'2019-10-27 12:59:49',NULL,NULL),(149,'en','Forget Password',5,'2019-10-27 17:06:46',NULL,NULL),(149,'id','Lupa Password',5,'2019-10-27 17:06:46',NULL,NULL),(150,'en','There are Visitor Types',5,'2019-10-28 05:30:54',5,'2019-10-28 05:41:11'),(150,'id','Ada Jenis Pengunjung',5,'2019-10-28 05:30:54',5,'2019-10-28 05:41:11'),(151,'en','Greeting',5,'2019-11-03 18:21:46',NULL,NULL),(151,'id','Sambutan',5,'2019-11-03 18:21:46',NULL,NULL),(152,'en','Image Link',5,'2019-11-03 19:06:39',NULL,NULL),(152,'id','Tautan Gambar',5,'2019-11-03 19:06:39',NULL,NULL),(153,'en','Bhiva',5,'2019-11-03 19:11:05',NULL,NULL),(153,'id','Bhiva',5,'2019-11-03 19:11:05',NULL,NULL),(154,'en','Travel Post',5,'2019-11-03 19:11:35',NULL,NULL),(154,'id','Pos Perjalanan',5,'2019-11-03 19:11:35',NULL,NULL),(155,'en','Location',5,'2019-11-03 20:36:56',NULL,NULL),(155,'id','Lokasi',5,'2019-11-03 20:36:56',NULL,NULL),(156,'en','Destination Location',5,'2019-11-03 21:27:20',NULL,NULL),(156,'id','Lokasi Destinasi',5,'2019-11-03 21:27:20',NULL,NULL),(157,'en','Show Home?',5,'2019-11-03 22:43:43',5,'2019-11-03 22:43:58'),(157,'id','Tampil Dihome?',5,'2019-11-03 22:43:43',5,'2019-11-03 22:43:58'),(158,'en','Choose your own choice of attractive destinations that we provide',5,'2019-11-04 05:34:41',NULL,NULL),(158,'id','Pilih sendiri pilihan destinasi menarik yang kami sediakan',5,'2019-11-04 05:34:41',NULL,NULL),(159,'en','Other Destination',5,'2019-11-04 05:50:20',NULL,NULL),(159,'id','Destinasi Lainnya',5,'2019-11-04 05:50:20',NULL,NULL),(160,'en','Our Photo Gallery',5,'2019-11-10 13:23:01',NULL,NULL),(160,'id','Galeri Foto Kami',5,'2019-11-10 13:23:01',NULL,NULL),(161,'en','Let\'s see photos of our activities and business',5,'2019-11-10 18:08:29',NULL,NULL),(161,'id','Ayo lihat foto foto kegiatan dan bisnis kami',5,'2019-11-10 18:08:29',NULL,NULL),(162,'en','Photo Gallery',5,'2019-11-10 18:34:08',NULL,NULL),(162,'id','Galeri Foto',5,'2019-11-10 18:34:08',NULL,NULL),(163,'en','Blank Photo Data',5,'2019-11-11 01:47:53',NULL,NULL),(163,'id','Data Foto Kosong',5,'2019-11-11 01:47:53',NULL,NULL),(164,'en','Travel Post',5,'2019-11-16 11:17:24',NULL,NULL),(164,'id','Travel Post',5,'2019-11-16 11:17:24',NULL,NULL),(165,'en','Latest Posts',5,'2019-11-18 06:09:13',NULL,NULL),(165,'id','Postingan Terbaru',5,'2019-11-18 06:09:13',NULL,NULL),(166,'en','Share on',5,'2019-11-18 07:26:46',NULL,NULL),(166,'id','Bagikan di',5,'2019-11-18 07:26:46',NULL,NULL),(167,'en','Blogs and Travel Articles',5,'2019-11-19 05:16:48',NULL,NULL),(167,'id','Blog dan Artikel Perjalanan',5,'2019-11-19 05:16:48',NULL,NULL),(168,'en','Load More',5,'2019-11-19 05:25:38',NULL,NULL),(168,'id','Muat Lebih',5,'2019-11-19 05:25:38',NULL,NULL),(169,'en','Loading',5,'2019-11-19 05:54:07',NULL,NULL),(169,'id','Memuat',5,'2019-11-19 05:54:07',NULL,NULL),(170,'en','More Travel Post',5,'2019-11-21 08:40:06',NULL,NULL),(170,'id','Travel Post Lainnya',5,'2019-11-21 08:40:06',NULL,NULL),(171,'en','Related Tour Packages',5,'2019-11-21 10:37:40',NULL,NULL),(171,'id','Paket Wisata Terkait',5,'2019-11-21 10:37:40',NULL,NULL),(172,'en','There are no tour packages',5,'2019-11-21 10:49:29',NULL,NULL),(172,'id','Belum ada paket wisata',5,'2019-11-21 10:49:29',NULL,NULL),(173,'en','Filter',5,'2019-11-24 12:13:02',NULL,NULL),(173,'id','Filter',5,'2019-11-24 12:13:02',NULL,NULL),(174,'en','Price',5,'2019-11-24 12:25:04',NULL,NULL),(174,'id','Harga',5,'2019-11-24 12:25:04',NULL,NULL),(175,'en','Minimum',5,'2019-11-24 14:25:28',NULL,NULL),(175,'id','Minimum',5,'2019-11-24 14:25:28',NULL,NULL),(176,'en','Maximum',5,'2019-11-24 14:25:43',NULL,NULL),(176,'id','Maksimum',5,'2019-11-24 14:25:43',NULL,NULL),(177,'en','Time',5,'2019-11-24 14:32:06',NULL,NULL),(177,'id','Waktu',5,'2019-11-24 14:32:06',NULL,NULL),(178,'en','Day Total',5,'2019-11-24 18:51:48',NULL,NULL),(178,'id','Total Hari',5,'2019-11-24 18:51:48',NULL,NULL),(179,'en','Night Total',5,'2019-11-24 18:53:11',NULL,NULL),(179,'id','Totall Malam',5,'2019-11-24 18:53:11',NULL,NULL),(180,'en','Total night cannot be more than total day',5,'2019-11-24 22:42:49',NULL,NULL),(180,'id','Total malam tidak boleh lebih dari total hari',5,'2019-11-24 22:42:49',NULL,NULL),(181,'en','Night',5,'2019-11-25 04:16:06',NULL,NULL),(181,'id','Malam',5,'2019-11-25 04:16:06',NULL,NULL),(182,'en','All',5,'2019-11-25 04:22:24',NULL,NULL),(182,'id','Semua',5,'2019-11-25 04:22:24',NULL,NULL),(183,'en','Latest',5,'2019-11-25 09:05:54',NULL,NULL),(183,'id','Terbaru',5,'2019-11-25 09:05:54',NULL,NULL),(184,'en','Most Popular',5,'2019-11-25 09:07:05',NULL,NULL),(184,'id','Paling Populer',5,'2019-11-25 09:07:05',NULL,NULL),(185,'en','Lowest Price',5,'2019-11-25 09:08:18',NULL,NULL),(185,'id','Harga Terendah',5,'2019-11-25 09:08:18',NULL,NULL),(186,'en','Highest Price',5,'2019-11-25 09:09:47',NULL,NULL),(186,'id','Harga Tertinggi',5,'2019-11-25 09:09:47',NULL,NULL),(187,'en','Sort',5,'2019-11-25 09:13:42',NULL,NULL),(187,'id','Urutkan',5,'2019-11-25 09:13:42',NULL,NULL),(188,'en','Show',5,'2019-11-25 10:34:08',NULL,NULL),(188,'id','Menampilkan',5,'2019-11-25 10:34:08',NULL,NULL),(189,'en','Data',5,'2019-11-25 10:34:22',NULL,NULL),(189,'id','Data',5,'2019-11-25 10:34:22',NULL,NULL);

/*Table structure for table `core_lang` */

DROP TABLE IF EXISTS `core_lang`;

CREATE TABLE `core_lang` (
  `lang_code` varchar(5) NOT NULL,
  `lang_name` varchar(250) DEFAULT NULL,
  `lang_icon` text COMMENT 'file upload',
  `insert_user_id` bigint(20) DEFAULT NULL,
  `insert_datetime` datetime DEFAULT NULL,
  `update_user_id` bigint(20) DEFAULT NULL,
  `update_datetime` datetime DEFAULT NULL,
  PRIMARY KEY (`lang_code`)
) ENGINE=InnoDB DEFAULT CHARSET=latin1;

/*Data for the table `core_lang` */

insert  into `core_lang`(`lang_code`,`lang_name`,`lang_icon`,`insert_user_id`,`insert_datetime`,`update_user_id`,`update_datetime`) values ('en','English','e734a123ef3d64f10fb58bebd800dc77.png',1,'2019-09-07 19:26:03',1,'2019-09-15 15:02:37'),('id','Indonesia','4501677096c46ab34fd40f633b831e5d.png',1,'2019-09-07 19:26:01',1,'2019-09-11 05:44:13');

/*Table structure for table `core_user` */

DROP TABLE IF EXISTS `core_user`;

CREATE TABLE `core_user` (
  `user_id` bigint(20) NOT NULL AUTO_INCREMENT,
  `user_real_name` varchar(250) DEFAULT NULL,
  `user_password` varchar(150) DEFAULT NULL,
  `user_email` varchar(250) DEFAULT NULL,
  `user_phone` varchar(16) DEFAULT NULL,
  `user_gender` enum('male','female') DEFAULT NULL,
  `user_birthday` date DEFAULT NULL,
  `user_address` text,
  `user_is_admin` tinyint(1) DEFAULT NULL COMMENT '0 = no, 1 = yes',
  `user_lang` varchar(5) DEFAULT NULL,
  `user_last_login` datetime DEFAULT NULL,
  `user_status` tinyint(1) DEFAULT NULL COMMENT '0=not active, 1=active',
  `user_photo` text,
  `user_desc` text,
  `insert_user_id` bigint(20) DEFAULT NULL,
  `insert_datetime` datetime DEFAULT NULL,
  `update_user_id` bigint(20) DEFAULT NULL,
  `update_datetime` datetime DEFAULT NULL,
  PRIMARY KEY (`user_id`)
) ENGINE=InnoDB AUTO_INCREMENT=7 DEFAULT CHARSET=latin1;

/*Data for the table `core_user` */

insert  into `core_user`(`user_id`,`user_real_name`,`user_password`,`user_email`,`user_phone`,`user_gender`,`user_birthday`,`user_address`,`user_is_admin`,`user_lang`,`user_last_login`,`user_status`,`user_photo`,`user_desc`,`insert_user_id`,`insert_datetime`,`update_user_id`,`update_datetime`) values (5,'Riyan Trisna Wibowo','ba4e586503b7cb15e2b54b9729c066ed','riyantrisnawibowo@gmail.com','085729331231','male','2019-09-19','',1,'en',NULL,1,'1888af1f244cb9323b73c16d26d4ff72.jpeg','',1,'2019-09-15 18:29:07',5,'2019-09-15 18:34:17'),(6,'Admin','aba0abde803b937400181f5372aeb750','bhiva@bhiva.id','','male','2019-11-04','',1,'id',NULL,1,'d302d8b9ac5d1e1196887e4a5a351d6d.png','',5,'2019-11-19 10:35:38',NULL,NULL);

/*Table structure for table `mst_destination` */

DROP TABLE IF EXISTS `mst_destination`;

CREATE TABLE `mst_destination` (
  `destination_id` int(11) NOT NULL AUTO_INCREMENT,
  `destination_desloc_id` int(11) DEFAULT NULL,
  `destination_status` tinyint(1) DEFAULT NULL COMMENT '0=not active, 1=active',
  `insert_user_id` bigint(20) DEFAULT NULL,
  `insert_datetime` datetime DEFAULT NULL,
  `update_user_id` bigint(20) DEFAULT NULL,
  `update_datetime` datetime DEFAULT NULL,
  PRIMARY KEY (`destination_id`),
  KEY `destination_desloc_id` (`destination_desloc_id`),
  CONSTRAINT `mst_destination_ibfk_1` FOREIGN KEY (`destination_desloc_id`) REFERENCES `ref_destination_location` (`desloc_id`)
) ENGINE=InnoDB AUTO_INCREMENT=20 DEFAULT CHARSET=latin1;

/*Data for the table `mst_destination` */

insert  into `mst_destination`(`destination_id`,`destination_desloc_id`,`destination_status`,`insert_user_id`,`insert_datetime`,`update_user_id`,`update_datetime`) values (1,1,1,5,'2019-09-22 23:37:16',5,'2019-11-04 05:53:38'),(2,1,1,6,'2019-11-19 10:59:52',5,'2019-11-21 00:22:26'),(3,3,1,6,'2019-11-19 12:35:07',5,'2019-11-21 00:18:18'),(4,3,1,6,'2019-11-19 12:36:29',5,'2019-11-21 00:18:33'),(5,3,1,6,'2019-11-19 12:37:57',5,'2019-11-21 00:16:25'),(6,3,1,6,'2019-11-19 12:38:57',5,'2019-11-21 00:18:52'),(7,3,1,6,'2019-11-19 12:40:01',5,'2019-11-21 00:17:33'),(8,3,1,6,'2019-11-19 12:41:27',5,'2019-11-21 00:19:18'),(9,3,1,6,'2019-11-19 12:43:26',5,'2019-11-21 00:16:37'),(10,3,1,6,'2019-11-19 12:45:43',5,'2019-11-21 00:17:08'),(11,1,1,6,'2019-11-19 13:54:57',5,'2019-11-21 00:23:20'),(12,3,1,6,'2019-11-19 13:56:44',5,'2019-11-23 21:31:13'),(13,3,1,6,'2019-11-19 13:58:12',5,'2019-11-21 00:16:11'),(14,3,1,6,'2019-11-19 13:59:07',5,'2019-11-21 00:19:05'),(15,3,1,6,'2019-11-19 14:00:42',5,'2019-11-25 07:52:36'),(16,1,1,6,'2019-11-19 14:02:19',5,'2019-11-21 00:22:52'),(17,3,1,6,'2019-11-19 14:03:23',5,'2019-11-21 00:16:50'),(18,3,1,6,'2019-11-19 14:04:19',5,'2019-11-21 00:17:46'),(19,1,1,6,'2019-11-19 14:05:08',5,'2019-11-23 21:37:45');

/*Table structure for table `mst_destination_img` */

DROP TABLE IF EXISTS `mst_destination_img`;

CREATE TABLE `mst_destination_img` (
  `destinationimg_destination_id` int(11) DEFAULT NULL,
  `destinationimg_order` int(11) DEFAULT NULL,
  `destinationimg_img` text,
  KEY `destimg_destination_id` (`destinationimg_destination_id`),
  CONSTRAINT `mst_destination_img_ibfk_1` FOREIGN KEY (`destinationimg_destination_id`) REFERENCES `mst_destination` (`destination_id`) ON DELETE CASCADE ON UPDATE CASCADE
) ENGINE=InnoDB DEFAULT CHARSET=latin1;

/*Data for the table `mst_destination_img` */

insert  into `mst_destination_img`(`destinationimg_destination_id`,`destinationimg_order`,`destinationimg_img`) values (1,1,'7b6180188312ed63811c0544f76e9394.jpeg'),(1,2,NULL),(1,3,NULL),(1,4,NULL),(13,1,'42282e2e23c88b23b26928cce66741b6.jpeg'),(13,2,NULL),(13,3,NULL),(13,4,NULL),(5,1,'1fe502727bafe1c53c27c78e14ac1d49.jpeg'),(5,2,NULL),(5,3,NULL),(5,4,NULL),(9,1,'0f45604339243342d905d9b887e281ab.jpeg'),(9,2,NULL),(9,3,NULL),(9,4,NULL),(17,1,'6f169d370fea4ff9543c9ef9b8432e98.jpeg'),(17,2,NULL),(17,3,NULL),(17,4,NULL),(10,1,'dc4d93853ae5deca1f6037a61c9c2f6e.jpeg'),(10,2,NULL),(10,3,NULL),(10,4,NULL),(7,1,'6a8beea9e450101d67a9c86dc774221a.jpeg'),(7,2,NULL),(7,3,NULL),(7,4,NULL),(18,1,'777f9e08cd19d8ee38bf44d7f1efc639.jpeg'),(18,2,NULL),(18,3,NULL),(18,4,NULL),(3,1,'3371ef2b3c6033fbd36ab54edb77a748.jpeg'),(3,2,NULL),(3,3,NULL),(3,4,NULL),(4,1,'268dbcd79a4acb5a8b1556026bdf7ea6.jpeg'),(4,2,NULL),(4,3,NULL),(4,4,NULL),(6,1,'dba495bbf4d5d14d1fd56b297e7dd1e8.jpeg'),(6,2,NULL),(6,3,NULL),(6,4,NULL),(14,1,'97486a2b8d930787fbb52dcefdc4baf5.jpeg'),(14,2,NULL),(14,3,NULL),(14,4,NULL),(8,1,'40af5052732323781b8371b4fa30e8ad.jpeg'),(8,2,NULL),(8,3,NULL),(8,4,NULL),(2,1,'de9e6b99d47ef667fe018e15482b0d68.jpeg'),(2,2,NULL),(2,3,NULL),(2,4,NULL),(16,1,'41a726f9e910e36efbd0c18f5729cb57.jpeg'),(16,2,NULL),(16,3,NULL),(16,4,NULL),(11,1,'c4b95ef735830f5cab30cf0f26e30d5d.jpeg'),(11,2,NULL),(11,3,NULL),(11,4,NULL),(12,1,'90034d2b3929b569c5921fe3c26ae149.jpeg'),(12,2,NULL),(12,3,NULL),(12,4,NULL),(19,1,'1a485a454e35a0cd4514093ee7c3d294.jpeg'),(19,2,NULL),(19,3,NULL),(19,4,NULL),(15,1,'46826077d2ee16911e49fa590d0725bc.jpeg'),(15,2,NULL),(15,3,NULL),(15,4,NULL);

/*Table structure for table `mst_destination_text` */

DROP TABLE IF EXISTS `mst_destination_text`;

CREATE TABLE `mst_destination_text` (
  `destinationtext_destination_id` int(11) DEFAULT NULL,
  `destinationtext_lang` varchar(5) DEFAULT NULL,
  `destinationtext_name` varchar(250) DEFAULT NULL,
  `destinationtext_text` text,
  KEY `desttext_destination_id` (`destinationtext_destination_id`),
  KEY `desttext_lang` (`destinationtext_lang`),
  CONSTRAINT `mst_destination_text_ibfk_1` FOREIGN KEY (`destinationtext_destination_id`) REFERENCES `mst_destination` (`destination_id`) ON DELETE CASCADE ON UPDATE CASCADE
) ENGINE=InnoDB DEFAULT CHARSET=latin1;

/*Data for the table `mst_destination_text` */

insert  into `mst_destination_text`(`destinationtext_destination_id`,`destinationtext_lang`,`destinationtext_name`,`destinationtext_text`) values (1,'en','Borobudur Temple','<p>Borobudur Temple<br></p>'),(1,'id','Candi Borobudur','<p>Candi Borobudur<br></p>'),(13,'en','Gedhe Kauman Mosque','<p>Masjid Gedhe is located close to Keraton which is more than 200 years old and has a strong palace nuance. In 1867 there was a major earthquake that brought down the original building of the porch of Gedhe Kauman Mosque which was later remodeled with special material one of the ground floor mosque made of stone today has been replaced by marble from Italy. On the left behind Mihrab there is a maksura made of square teak wood with a higher marble floor and equipped with a spear. Maksura served as a place of security of the king when Sri Sultan was praying in congregation in Masjid Gedhe Kauman. </p>'),(13,'id','Masjid Gedhe Kauman','<p>Masjid Gedhe terletak tidak jauh dari Keraton yang berumur lebih dari 200 tahun serta memilikii nuansa keratin yang kental. Pada tahun 1867 terjadi gempa besar yang meruntuhkan bangunan asli serambi Masjid Gedhe Kauman yang kemudian direnovasi kembali dengan material khusus salah satunya lantai dasar masjid yang terbuat dari batu kali kini telah diganti dengan marmer dari Italia. Di samping kiri belakang mihrab terdapat maksura yang terbuat dari kayu jati bujur sangkar dengan lantai marmer yang lebih tinggi serta dilengkapi dengan tombak. Maksura difungsikan sebagai tempat pengamanan raja apabila Sri Sultan berkenan sholat berjamaah di Masjid Gedhe Kauman. </p>'),(5,'en','Ijo Temple','<p><i>Ijo temple is located in Groyokan, Sleman regency. It is located on the west slope of Gumuk Ijo Hill, south of Ratu Boko Temple. Ijo temple is the most popular temple in Prambanan temple-other temples in the area. Based on the shape of the building it is estimated built around the century VIII – X M. Overall the temple has two types of buildings, namely the roof building and the building is not roofed.</i></p>'),(5,'id','Candi Ijo','<p class=\"MsoListParagraph\" style=\"text-align:justify;line-height:150%\">Candi Ijo terletak di Dusun Groyokan, Kabupaten Sleman. Letaknya di lereng barat bukit Gumuk Ijo, sebelah selatan Candi Ratu Boko. Candi Ijo merupakan candi yang letaknya paling tinggi dinatara candi – candi lain di daerah Prambanan. Berdasarkan bentuk bangunannya candi ini perkirakan dibangun sekitar abad VIII – X M. Secara keseluruhan candi ini memiliki dua jenis bangunan, yaitu bangunan beratap dan bangunan tidak beratap.</p>'),(9,'en','Indrayanti Beach','<p><i>The name of Indrayanti Beach is taken from the name of Indrayanti restaurant located not far from the beach. This restaurant is quite known to visitors, and seems to be a landmark of this place. Along the coast, there is a series of beach gazebos and umbrellas that can be used for rest and enjoy the atmosphere and scenery. Other facilities such as toilets and bathrooms are pretty much available. The beach also offers a waterskiing jetskiing rental and a children\'s playground. The organizer here actively maintains and does not hesitate to sanction the visitors who dispose of garbage.</i></p>'),(9,'id','Pantai Indrayanti','<p>Nama Pantai Indrayanti ini di ambil dari nama restoran Indrayanti yang berada tidak jauh dari pantai. Restoran ini cukup dikenal pengunjung, dan seolah menjadi landmark tempat ini. Di sepanjang pantai terdapat rangkaian gazebo dan payung pantai yang bisa digunakan untuk istirahat dan menikmati suasana dan pemandangan sekitar. Fasilitas lainnya seperti toilet dan kamar mandi cukup banyak tersedia. Pantai ini juga menawarkan penyewaan jetski dan juga tempat bermain anak. Pengelola disini aktif memelihara dan tidak segan memberikan sanksi pada pengunjung yang membuang sampah sembarangan.</p>'),(17,'en','Jomblang Cave','<p>Jomblang Cave, in Pacarejo village, Semanu District. Single Rope Technique (SRT) is required to enter this cave. SRT is a technique that is used to descend the vertical cave by using one rope as the path used for the road up and down the vertical place. In this cave, there is a gap from the sun above that add to the beauty of the cave.</p>'),(17,'id','Goa Jomblang','<p>Goa Jomblang, di Desa Pacarejo, Kecamatan Semanu. Dibutuhkan kemampuan melakukan Single Rope Technique ( SRT ) untuk memasuki goa ini. SRT merupakan teknik yang baku digunakan untuk menuruni goa vertikal dengan memakai satu tali sebagai lintasan yang dipakai untuk jalan menaiki dan menuruni tempat yang vertikal.di goa ini terdapat celah dari sinar matahari diatasnya yang menambah keindahan goa.</p>'),(10,'en','Malioboro ','<p><font face=\"Times New Roman, serif\"><i><br></i></font></p><p><font face=\"Times New Roman, serif\"><i>Malioboro is a mandatory tourist attraction for every visitor who comes to Yogyakarta city. This place is also called as a shopping center because of all the food, souvenirs, or daily necessities in the area. In Malioboro, there is a famous traditional market namely the Beringharjo market. Malioboro is where the street art and art addicts gather every day, various attractions are offered along the area such as traditional music games such as Angklung combined with modern music. Not only that, currently the local government has set every Tuesday wage in the Javanese calendar of Malioboro area is forbidden to be passed by motor vehicles, adding a plus value for tourists. The viscosity of the past atmosphere is more pronounced with vehicles passing by only pedicab or bicycles that are certainly also rented to visitors who come.</i></font></p><p><font face=\"Times New Roman, serif\"><i><br></i></font></p><p><font face=\"Times New Roman, serif\"><i>Malioboro is a mandatory tourist attraction for every visitor who comes to Yogyakarta city. This place is also called as a shopping center because of all the food, souvenirs, or daily necessities in the area. In Malioboro, there is a famous traditional market namely the Beringharjo market. Malioboro is where the street art and art addicts gather every day, various attractions are offered along the area such as traditional music games such as Angklung combined with modern music. Not only that, currently the local government has set every Tuesday wage in the Javanese calendar of Malioboro area is forbidden to be passed by motor vehicles, adding a plus value for tourists. The viscosity of the past atmosphere is more pronounced with vehicles passing by only pedicab or bicycles that are certainly also rented to visitors who come.</i></font></p>'),(10,'id','Malioboro','<p><font face=\"Times New Roman, serif\">Malioboro adalah atraksi wisata wajib bagi setiap pengunjung yang datang ke kota Yogyakarta. Tempat ini disebut juga sebagai shopping center karena semua makanan, oleh – oleh ataupun kebutuhan sehari – hari ada di kawasan ini. Di malioboro terdapat sebuah pasar tradisional yang terkenal yaitu Pasar Beringharjo. Malioboro adalah tempat para street art dan pecandu seni berkumpul setiap harinya, beragam atraksi ditawarkan di sepanjang kawasan ini seperti permainan musik tradisonal seperti angklung yang dipadukan dengan musik modern. Tak hanya itu, saat ini pemerintah setempat telah menetapkan setiap selasa wage dalam penanggalan jawa kawasan Malioboro dilarang dilewati oleh kendaraan bermotor, semakin menambah nilai plus bagi wisatawan. Kekentalan suasana masa lampau semakin terasa dengan kendaraan yang lewat hanya becak ataupun sepeda yang tentunya juga disewakan kepada pengunjung yang datang. </font><br></p>'),(7,'en','Parangtritis Beach','<p><i>Parangtritis Beach is famous amongst tourists because it has the legend of Ratu Kidul as The queen of the South Sea, besides the beauty of the beach that is the most widespread in Yogyakarta can’t be doubtful. Activities that can be done at Parangtritis Beach surround the beach using an ATV or Delman motorcycle, play at the edge of the waves, play kites, or just sit back and enjoy the atmosphere of the enchanting Parangtritis beach accompanied by snack corn roasted or heavy food such as seafood.</i></p>'),(7,'id','Pantai Parangtritis','<p>Pantai Parangtritis terkenal diantara para wisatawan karena memiliki legenda Ratu Kidul sebagai ratu laut selatan, selain itu keindahan pantai yang merupakan pantai paling luas di Yogyakarta ini tidak bisa bisa diragukan lagi. Kegiatan yang dapat dilakukan di Pantai Parangtritis yaitu mengelilingi pantai dengan menggunakan motor ATV ataupun Delman, bermain di pinggir ombak, bermain layangan, atau sekedar duduk-duduk sambil menikmati suasana Pantai Parangtritis yang mempesona ditemani cemilan Jagung Bakar atau makanan berat seperti seafood.</p>'),(18,'en','Pindul Cave','<p>Pindul Cave, one of the caves which is a series of 7 caves with an underground river that exists in the village of Bejiharjo, Karangmojo, offers activities to walk the cave through a river flowing inside. For approximately 45-60 minutes The tourists will be invited to the river using buoy tires. The adventure that combines body rafting and caving activities is known as cave tubing. The equipment needed is only a life vest and headlamp, which is already provided by the organizer. Very quiet river streams make this activity safe by anyone, from children to adults. A guide tells the origin of the naming of Pindul Cave. According to legend, a man named Joko Singlulung sought his father. After exploring dense forests, mountains, and rivers, Joko Singlulung entered the caves in Bejiharjo. When entering one of the last cave Joko Singlulung bumped rocks, so the cave is called Pindul Cave which is derived from the word “pipi gebendul” or cheek bump.</p>'),(18,'id','Goa Pindul','<p>Goa Pindul, salah satu goa yang merupakan rangkaian dari 7 goa dengan aliran sungai bawah tanah yang ada di Desa Bejiharjo, Karangmojo, menawarkan kegiatan menyusuri goa melalui sungai yang mengalir didalamnya. Selama kurang lebih 45 - 60 menit wisatawan akan diajak menyusuri sungai menggunakan ban pelampung. Petualangan yang memadukan aktivitas body rafting dan caving ini dikenal dengan istilah cave tubing. Peralatan yang dibutuhkan hanyalah ban pelampung, life vest, serta head lamp yang semuanya sudah disediakan oleh pengelola. Aliran sungai yang sangat tenang menjadikan aktivitas ini aman dilakukan oleh siapapun, mulai dari anak-anak hingga orang dewasa. seorang pemandu bercerita tentang asal-usul penamaan Goa Pindul. Menurut legenda ada seorang yang bernama Joko Singlulung mencari ayahnya. Setelah menjelajahi hutan lebat, gunung, dan sungai, Joko Singlulung pun memasuki goa-goa yang ada di Bejiharjo. Saat masuk ke salah satu goa mendadak Joko Singlulung terbentur batu, sehingga goa tersebut dinamakan Goa Pindul yang berasal dari kata “pipi gebendul” atau pipi terbentur.<br></p>'),(3,'en','Prambanan Temple','<p class=\"MsoListParagraphCxSpFirst\" style=\"text-align:justify;line-height:150%\"><i>Candi Prambanan is the largest Hindu temple in the island of Java located in the village of Karangasem, Sleman Regency. This temple is called Prambanan Temple because it is located in the Prambanan area, while the other name of this temple is Loro Jonggrang temple. The name Loro Jonggrang was taken from the local legend about a princess named Loro Jonggrang, the daughter of Prabu Boko who rejected the pinning of Bandung Bondowoso. Durga Mahisasuramardhini statue found in the temple is known as Loro Jonggrang. According to the Siwagrha inscription found in the west of the temple that reads in 856 A.D., issued by Rakai Pikatan, it is known that the original name of Prambanan temple is Shiva Grha temple which means \"Shiva\'s house\".</i></p>'),(3,'id','Candi Prambanan','<p>Candi Prambanan merupakan candi Hindu terbesar di pulau Jawa yang terletak di Desa Karangasem, Kabupaten Sleman. Candi ini dinamakan Candi Prambanan karena letaknya di daerah Prambanan, sedangkan nama lain dari candi ini adalah Candi Loro Jonggrang. Nama Loro Jonggrang diambil dari legenda setempat tentang seorang putri yang bernama Loro Jonggrang, putri Prabu Boko yang menolak pinangan Bandung Bondowoso. Arca Durga Mahisasuramardhini yang terdapat dalam candi tersebut dikenal dengan nama Loro Jonggrang. Menurut Prasasti Siwagrha yang ditemukan disebelah barat candi yang bertuliskan tahun 856 M, dikeluarkan oelh Rakai Pikatan, diketahui bahwa nama asli Candi Prambanan adalah Candi Siwa Grha yang artinya “Rumah Dewa Siwa”.</p>'),(4,'en','Ratu Boko Temple','<p><i>Ratu Boko Temple is an archaeological site in the area of Dawung (Bokoharjo village) and Sumberwatu (Sambirejo village), Sleman Regency. Based on the placement patterns of the site is the former keratin or King\'s Palace. Judging from the layout, the building on the Ratu Boko site is grouped into 3 groups: the Western Group consisting of the main gate group, the combustion temple, the white Stone Temple, the water shelter, Paseban, the rest of the structure of the building, Talud and Fence. The Eastern group consists of Lanang caves, Wadon caves, ponds, stairs, and ruins of the stupa. While the southeast group consists of Batur Pendopo and Batur Pringgitan surrounded by stone fence with three gates as an entrance, miniature temple, and bathing pond.</i></p>'),(4,'id','Candi Ratu Boko','<p>Candi Ratu Boko adalah situs purbakala yang berada di wilayah Dusun Dawung (Desa Bokoharjo) dan Dusun Sumberwatu (Desa Sambirejo), Kabupaten Sleman. Berdasarkan pola peletakan sisa – sisa bangunan situs ini merupakan bekas keratin atau istana raja. Dilihat dari tata letaknya, bangunan di situs Ratu Boko dikelompokkan menjadi 3 kelompok : Kelompok Barat yang terdiri dari kelompok Gapura Utama, Candi Pembakaran, Candi Batu Putih, kolam penampungan air, Paseban, sisa struktur bangunan berumpak, talud dan pagar. Kelompok Timur yang terdiri dari Goa Lanang, Goa Wadon, kolam, tangga, dan reruntuhan stupa. Sedangkan kelompok tenggara terdiri dari Batur Pendopo dan batur pringgitan yang dikelilingi pagar batu dengan tiga gapura sebagai pintu masuk, candi miniatur, dan kolam pemandian.</p>'),(6,'en','Sambisari Temple','<p><i>Sambisari Temple is a Hindu temple located in Sambisari village, Purwomartani subdistrict, Kalasan District, Sleman Regency. This temple was originally buried in the soil of 6.5 meters thick which was predicted to be due to the eruption of Mount Merapi in the early XI century and was accidentally discovered by farmers while the rice paddies in the year 1966.</i></p>'),(6,'id','Candi Sambisari','<p>Candi Sambisari merupakan candi Hindu yang terletak di Desa Sambisari, Kelurahan Purwomartani, Kecamatan Kalasan, Kabupaten Sleman. Candi ini awalnya terkubur didalam tanah setebal 6,5 meter yang diperkirakan akibat letusan gunung merapi pada awal abad XI dan secara tidak sengaja ditemukan oleh petani ketika sedang mencangkul sawah pada tahun 1966.</p>'),(14,'en','Taman Sari Watercastle','<p>Taman Sari is a Portuguese-Javanese building that was used by the Sultan as a bathing place and the private place of the king can be seen a pot used by the king\'s wife to reflect and the closet store King\'s clothes. Besides, there is a mosque built underground and used as a protection bunker for the Sultanate elite, when the Sultanate suffered a dangerous attack. The mosque is shaped in two circular levels up to 360 degrees, the central part is perforated and the design produces artistic arrangement. When the priest leads prayers, the voice of the Muslim priest is heard all over the room. The thickness of the walls of the underground mosque that is approximately 1.25 meters is made of whitewashed which is glued using natural materials such as egg whites.</p>'),(14,'id','Istana Air Taman Sari','<p>Taman sari merupakan bangunan bernuansa Portugis –Jawa yang dulunya digunakan oleh sultan sebagai tempat pemandian dan tempat pribadi raja bisa dilihat sebuah periuk yang digunakan oleh istri raja untuk bercermin dan lemari menyimpan pakaian raja. Selain itu terdapat mesjid yang dibangun di bawah tanah sekaligus digunakan sebagai bungker perlindungan bagi kesultanan, ketika kesultanan mengalami serangan yang membahayakan. Masjid tersebut berbentuk dua tingkat melingkar hingga 360 derajat, bagian tengah berlubang dan desain menghasilkan tata artistik. Ketika imam memimpin sholat, suara imam bakalterdengar ke seluruh penjuru ruangan. Ketebalan dari tembok masjid bawah tanah yang kurang lebih sekitar 1,25 meter ini terbuat dari batubata yang direkatkan dengan menggunakan bahan alami seperti putih telur.</p>'),(8,'en','Wediombo Beach','<p><i><span style=\"font-size: 12pt; line-height: 115%; font-family: \"Times New Roman\", serif;\">Wediombo Beach is one of the popular beaches for beach\r\ntourism lovers because of its beautiful coastal structure coupled with a\r\nnatural pool with a depth of 1.5 meters that attracts tourists. Wediombo Beach\r\nis also known as a snorkeling spot with a variety of beautiful sea creatures\r\nand attracts visitors.</span></i><br></p>'),(8,'id','Pantai Wediombo','<p><span style=\"font-size: 12pt; line-height: 115%; font-family: \"Times New Roman\", serif;\">Pantai Wediombo\r\nmerupakan salah satu pantai yang populoer bagi para pecinta wisata pantai\r\ndikarenakan struktur pantainya yang cantik dan apik ditambah dengan adanya\r\nkolam alami  dengan kedalaman 1,5 meter\r\nyang semakin menarik wisatawan. Selain itu Pantai Wediombo juga dikjenal\r\nsebagai spot snorkeling dengan berbagai biota laut yang cantik dan memikat\r\npengunjung.</span><br></p>'),(2,'en','Borobudur Temple','<p><i>Borobudur temple is located in Borobudur village, Magelang Regency. This temple is a remarkable relic of Buddhism. The shape of Borobudur temple resembles a lotus flower, based on local legends around Borobudur used to be a lake so the temple itself looks like a lotus flower amid the lake. In Borobudur temple there are 32 lion statues, functioning as a temple gate, but now the number is incomplete because many of them are damaged. In Buddhism, the lion is a symbol of the Buddha. Lions are emblems of the strength, courage, victory, and patron of Buddhists. The lion also became a symbol of strength to expel evil influences and become guardian of the Holiness of Borobudur Temple.</i></p>'),(2,'id','Candi Borobudur','<p>Candi Borobudur terletak di Desa Borobudur, Kabupaten Magelang. Candi ini merupakan peninggalan agama Buddha yang luar biasa besar dan megah. Bentuk Candi Borobudur menyerupai bunga teratai, bberdasarkan legenda setempat disekeliling Borobudurb duluny adalah danau sehingga candi itu sendiri terlihat seperti bunga teratai ditengah danau. Di Candi Borobudur terdapat 32 buah arca singa, berfungsi sebagai pebjaga gerbang candi, akan tetapi kini jumlahnya tidak lengkap lagi dikarenakan banyak diantaranya yang rusak. Dalam agama Buddha, singa adalah simbol dari Sang Buddha. Singa adalah lambang kekuatan, keberanian, kemenangan, dan pelindung umat Buddha. Singa juga menjadi lambang kekuatan untuk mengusir pengaruh jahat sekaligus menjadi penjaga kesucian Candi Borobudur.</p>'),(16,'en','Merapi Volcano Museum','<p>Merapi volcano Museum is used as a means of education that is recreative and educative about Mount Merapi and other sources of disaster. The shape of the building is unique, trapezoid-shaped with one side of the summit to form a triangle. Visitors will be greeted by a replica of Merapi volcano with sound that rumbles right when entering the museum. In this museum, there are volcano eruption type display, rock from Mount Merapi since 1930, collection of remnants of the eruption from 2006 to the collection of photos of Mount Merapi from time to time.</p>'),(16,'id','Museum Gunung Merapi','<p>Museum Gunung Merapi ini dijadikan sebagai sarana pendidikan yang bersifat rekreatif dan edukatif tentang Gunung Merapi dan sumber bencana lainnya. Bentuk bangunannya unik, berbentuk trapesium dengan salah satu sisi puncaknya mengerucut membentuk segitiga. Pengunjung akan disambut oleh replika gunung merapi dengan suara yang bergemuruh tepat ketika memasuki museum. Di museum ini terdapat display tipe letusan gunung api, batuan dari Gunung Merapi sejak tahun 1930, koleksi benda-benda sisa letusan tahun 2006 hingga koleksi foto-foto Gunung Merapi dari zaman ke zaman. </p>'),(11,'en','Fort Vredeburg Museum','<p>Fort Vredeburg Museum was established in 1760 by Sri Sultan Hamengku Buwono I at the request of the Dutch. After the construction of the fortress named \"Rustenberg\" which means the fortress of rest. In the year 1967 in Yogyakarta, there was a devastating natural disaster of earthquakes that made some of the fortress became badly damaged. Finally, the fortress was repaired and renamed to \"Vredeburg\" meaning Fortress of peace, so that the relationship between the Netherlands and the palace did not attack each other.</p>'),(11,'id','Museum Benteng Vrederburgh','<p>Museum Benteng Vredeburg didirikan pada tahun 1760 oleh Sri Sultan Hamengku Buwono I atas permintaan Belanda. Setelah selesainya pembangunan Benteng yang diberi nama “Rustenberg” yang artinya benteng peristirahatan. Pada tahun ke 1967 di Yogyakarta terjadi bencana alam gempa bumi yang sangat dahsyat sehingga menjadikan sebagian benteng tersebut menjadi rusak parah. Akhirnya benteng tersebut diperbaiki dan diubah namanya menjadi “Vredeburg” yang artinya benteng perdamaian, agar hubungan antara Belanda dan Keraton tidak saling menyerang.</p>'),(12,'en','Keraton Yogyakarta','<p>The palace which is the symbol of Yogyakarta city still stands firmly in the heart of the city with its traditions and culture. Bangsal Pagelaran which is the main building of Keraton that the entrance is near the North Square of Yogyakarta. Pagelaran is the front-most area in the past as a place for courtiers facing the Sultan when royal ceremonies and buildings where there are gates are waiting for guests to overlook Sri Sultan.</p>'),(12,'id','Keraton Yogyakarta','<p>Keraton yang menjadi simbol kota Yogyakarta ini masih berdiri kokoh di jantung kota dengan tradisi dan budayanya. Bangsal Pagelaran yang merupakan bangunan utama Keraton yang pintu masuknya berada di dekat alun – alun utara Yoyakarta. Pagelaran merupakan area paling depan yang pada masa lalu sebagai tempat para abdi dalem menghadap Sultan ketika upacara-upacara Kerajaan dan bangunan di mana terdapat gerbang-gerbang tersebut merupakan tempat menunggu tamu-tamu untuk menghadap Sri Sultan.</p>'),(19,'en','Fruit Garden Mangunan','<p>Fruit Garden Mangunan is located in Mangunan, Dlingo Sub-district, Bantul Regency. This location is about 15 km from the capital of Bantul Regency and 35 km from the city center of Yogyakarta. At a height of approximately 200 MDPL, this place is also dubbed as the land above the clouds. The orchard was built in 2003 on a land area of 23 hectares. With this vast land, the fruit Garden of Mangunan farm is planted with many trees such as mango, rambutan, oranges, Durian, mangosteen and many more.</p>'),(19,'id','Kebun Buah Mangunan','<p>Kebun Buah mangunan terletak di Mangunan, Kecamatan Dlingo, Kabupaten Bantul. Lokasi ini berjarak sekitar 15 km dari ibukota Kabupaten Bantul dan 35 km dari pusat kota Yogyakarta. Berada di ketinggian kurang lebih 200 mdpl, membuat tempat ini pun dijuluki sebagai negeri diatas awan. Kebun buah ini dibangun pada tahun 2003 di atas tanah seluas 23 hektar. Dengan tanah seluas ini membuat kebun buah mangunan ditanami banyak sekali pohon seperti mangga, rambutan, jeruk, durian, manggis dan masih banyak lagi. </p>'),(15,'en','Alun - Alun Yogyakarta','<p>Yogyakarta has 2 Alun-Alun, North alun - alun (Lor) and South alun - alun (Kidul). At night the Alun-Alun Kidul offers an interesting night tour. Surrounded by colorful colorful light vehichles and street food vendors in the square is a unique attraction for visitors. The most popular activity is the masangin that runs between the two Banyan and closed eyes. According to a myth believed to be hereditary, for anyone who manages to do Masangin, the person is clean and his petition will be granted. Although many people do not believe but still many visit this place to try it.</p>'),(15,'id','Alun - Alun Yogyakarta','<p>Yogyakarta memiliki 2 alun – alun, alun – alun utara (Lor) dan alun – alun selatan (Kidul). Pada malam hari alun – alun Kidul menawarkan wisata malam yang menarik. Dikelilingi oleh kereta hias dengan lampu warna – warni serta pedagang makanan kaki lima yang ada di alun – alun ini menjadi daya tarik tersendiri bagi pengunjung. Aktivitas yang paling populer adalah masangin yaitu berjalan di antara dua beringin dengan mata tertutup. Menurut mitos yang dipercaya turun temurun, bagi siapa saja yang berhasil melakukan masangin maka orang tersebut hatinya bersih dan permohonannya akan terkabul. Walaupun sudah banyak orang yang tidak percaya namun tetap saja banyak yang mengunjungi tempat ini untuk mencobanya.</p>');

/*Table structure for table `mst_ticket` */

DROP TABLE IF EXISTS `mst_ticket`;

CREATE TABLE `mst_ticket` (
  `ticket_id` int(11) NOT NULL AUTO_INCREMENT,
  `ticket_is_type_visitor` tinyint(1) DEFAULT NULL COMMENT '0=no, 1=yes',
  `ticket_status` tinyint(1) DEFAULT NULL COMMENT '0=not active, 1=active',
  `insert_user_id` bigint(20) DEFAULT NULL,
  `insert_datetime` datetime DEFAULT NULL,
  `update_user_id` bigint(20) DEFAULT NULL,
  `update_datetime` datetime DEFAULT NULL,
  PRIMARY KEY (`ticket_id`)
) ENGINE=InnoDB AUTO_INCREMENT=4 DEFAULT CHARSET=latin1;

/*Data for the table `mst_ticket` */

insert  into `mst_ticket`(`ticket_id`,`ticket_is_type_visitor`,`ticket_status`,`insert_user_id`,`insert_datetime`,`update_user_id`,`update_datetime`) values (1,1,1,5,'2019-09-24 21:42:30',5,'2019-10-28 07:15:08'),(2,0,1,5,'2019-10-30 10:35:05',5,'2019-10-30 10:45:01'),(3,0,1,5,'2019-10-30 10:45:40',NULL,NULL);

/*Table structure for table `mst_ticket_price` */

DROP TABLE IF EXISTS `mst_ticket_price`;

CREATE TABLE `mst_ticket_price` (
  `ticketprice_ticket_id` int(11) DEFAULT NULL,
  `ticketprice_visitortype_id` int(11) DEFAULT NULL,
  `ticketprice_start` date DEFAULT NULL,
  `ticketprice_end` date DEFAULT NULL,
  `ticketprice_price_local` decimal(20,2) DEFAULT NULL COMMENT 'dalam rupiah',
  `ticketprice_price_foreign` decimal(20,2) DEFAULT NULL COMMENT 'dalam rupiah',
  KEY `ticketprice_ticket_id` (`ticketprice_ticket_id`),
  KEY `ticketprice_persontype_id` (`ticketprice_visitortype_id`),
  CONSTRAINT `mst_ticket_price_ibfk_1` FOREIGN KEY (`ticketprice_ticket_id`) REFERENCES `mst_ticket` (`ticket_id`) ON DELETE CASCADE ON UPDATE CASCADE,
  CONSTRAINT `mst_ticket_price_ibfk_2` FOREIGN KEY (`ticketprice_visitortype_id`) REFERENCES `ref_visitortype` (`visitortype_id`) ON DELETE CASCADE ON UPDATE CASCADE
) ENGINE=InnoDB DEFAULT CHARSET=latin1;

/*Data for the table `mst_ticket_price` */

insert  into `mst_ticket_price`(`ticketprice_ticket_id`,`ticketprice_visitortype_id`,`ticketprice_start`,`ticketprice_end`,`ticketprice_price_local`,`ticketprice_price_foreign`) values (1,1,'2019-08-01','2019-09-01','80000.00','200000.00'),(1,1,'2019-10-01','2019-10-31','70000.00','170000.00'),(1,1,'2019-11-01','2019-11-09','75000.00','175000.00'),(2,NULL,'2019-11-01','2019-11-09','1.00','2.00'),(2,NULL,'2019-11-01','2019-11-09','1.00','2.00'),(2,NULL,'2019-11-01','2019-11-09','1.00','2.00'),(3,NULL,'2019-11-01','2019-11-09','1.00','2.00'),(3,NULL,'2019-11-10','2019-11-16','2.00','3.00');

/*Table structure for table `mst_ticket_pricedefault` */

DROP TABLE IF EXISTS `mst_ticket_pricedefault`;

CREATE TABLE `mst_ticket_pricedefault` (
  `ticketpricedef_ticket_id` int(11) DEFAULT NULL,
  `ticketpricedef_visitortype_id` int(11) DEFAULT NULL,
  `ticketpricedef_price_local` decimal(20,2) DEFAULT NULL,
  `ticketpricedef_price_foreign` decimal(20,2) DEFAULT NULL,
  KEY `ticketpricedef_ticket_id` (`ticketpricedef_ticket_id`),
  KEY `ticketpricedef_persontype_id` (`ticketpricedef_visitortype_id`),
  CONSTRAINT `mst_ticket_pricedefault_ibfk_1` FOREIGN KEY (`ticketpricedef_ticket_id`) REFERENCES `mst_ticket` (`ticket_id`) ON DELETE CASCADE ON UPDATE CASCADE,
  CONSTRAINT `mst_ticket_pricedefault_ibfk_2` FOREIGN KEY (`ticketpricedef_visitortype_id`) REFERENCES `ref_visitortype` (`visitortype_id`) ON DELETE CASCADE ON UPDATE CASCADE
) ENGINE=InnoDB DEFAULT CHARSET=latin1;

/*Data for the table `mst_ticket_pricedefault` */

insert  into `mst_ticket_pricedefault`(`ticketpricedef_ticket_id`,`ticketpricedef_visitortype_id`,`ticketpricedef_price_local`,`ticketpricedef_price_foreign`) values (1,1,'15000.00','150000.00'),(1,2,'12000.00','120000.00'),(1,3,'11000.00','110000.00'),(2,NULL,'1.00','2.00'),(3,NULL,'2.00','3.00');

/*Table structure for table `mst_ticket_text` */

DROP TABLE IF EXISTS `mst_ticket_text`;

CREATE TABLE `mst_ticket_text` (
  `tickettext_ticket_id` int(11) DEFAULT NULL,
  `tickettext_lang` varchar(5) DEFAULT NULL,
  `tickettext_name` varchar(250) DEFAULT NULL,
  KEY `tickettext_ticket_id` (`tickettext_ticket_id`),
  KEY `tickettext_lang` (`tickettext_lang`),
  CONSTRAINT `mst_ticket_text_ibfk_1` FOREIGN KEY (`tickettext_ticket_id`) REFERENCES `mst_ticket` (`ticket_id`) ON DELETE CASCADE ON UPDATE CASCADE
) ENGINE=InnoDB DEFAULT CHARSET=latin1;

/*Data for the table `mst_ticket_text` */

insert  into `mst_ticket_text`(`tickettext_ticket_id`,`tickettext_lang`,`tickettext_name`) values (1,'en','Borobudur Temple'),(1,'id','Candi Borobudur'),(2,'en','sss'),(2,'id','sss'),(3,'en','aaa'),(3,'id','aaa');

/*Table structure for table `mst_tourpackages` */

DROP TABLE IF EXISTS `mst_tourpackages`;

CREATE TABLE `mst_tourpackages` (
  `tourpackages_id` int(11) NOT NULL AUTO_INCREMENT,
  `tourpackages_total_day` tinyint(2) DEFAULT NULL COMMENT 'jumlah hari',
  `tourpackages_total_night` tinyint(2) DEFAULT NULL COMMENT 'jumlah malam',
  `tourpackages_base_price_local` decimal(20,2) DEFAULT NULL COMMENT 'harga (perorang) jika tiidak ada harga terjadwal yg di set',
  `tourpackages_base_price_foreign` decimal(20,2) DEFAULT NULL COMMENT 'harga (perorang) jika tiidak ada harga terjadwal yg di set',
  `tourpackages_is_rating_manual` tinyint(1) DEFAULT NULL COMMENT '0=no, 1=yes',
  `tourpackages_rating_manual` varchar(4) DEFAULT NULL COMMENT '1,2,3,4,5 (bintang) manual',
  `tourpackages_total_rater_manual` tinyint(11) DEFAULT NULL COMMENT 'jumlah penilai manual',
  `tourpackages_status` tinyint(1) DEFAULT NULL COMMENT '0=not active, 1=active',
  `insert_user_id` bigint(20) DEFAULT NULL,
  `insert_datetime` datetime DEFAULT NULL,
  `update_user_id` bigint(20) DEFAULT NULL,
  `update_datetime` datetime DEFAULT NULL,
  PRIMARY KEY (`tourpackages_id`)
) ENGINE=InnoDB AUTO_INCREMENT=9 DEFAULT CHARSET=latin1;

/*Data for the table `mst_tourpackages` */

insert  into `mst_tourpackages`(`tourpackages_id`,`tourpackages_total_day`,`tourpackages_total_night`,`tourpackages_base_price_local`,`tourpackages_base_price_foreign`,`tourpackages_is_rating_manual`,`tourpackages_rating_manual`,`tourpackages_total_rater_manual`,`tourpackages_status`,`insert_user_id`,`insert_datetime`,`update_user_id`,`update_datetime`) values (5,5,5,'133000.00','150000.00',0,'4.9',15,1,5,'2019-09-28 21:44:38',5,'2019-11-25 10:47:12'),(6,3,2,'2.00','22.00',1,'4,56',100,1,5,'2019-10-09 11:53:03',5,'2019-11-24 22:47:55'),(7,2,1,'100000.00','200000.00',1,'4',5,1,5,'2019-10-23 03:41:44',5,'2019-11-24 22:48:05'),(8,4,3,'100000.00','200000.00',1,'5',4,1,5,'2019-10-23 03:57:12',5,'2019-11-24 22:48:16');

/*Table structure for table `mst_tourpackages_destination` */

DROP TABLE IF EXISTS `mst_tourpackages_destination`;

CREATE TABLE `mst_tourpackages_destination` (
  `tourpackagesdest_tourpackages_id` int(11) DEFAULT NULL,
  `tourpackagesdest_destination_id` int(11) DEFAULT NULL,
  `tourpackagesdest_day` int(11) DEFAULT NULL COMMENT 'urutan hari',
  `tourpackagesdest_order` int(11) DEFAULT NULL COMMENT 'urutan perhari',
  KEY `tourpackagesdest_tourpackages_id` (`tourpackagesdest_tourpackages_id`),
  KEY `tourpackagesdest_destination_id` (`tourpackagesdest_destination_id`),
  CONSTRAINT `mst_tourpackages_destination_ibfk_1` FOREIGN KEY (`tourpackagesdest_tourpackages_id`) REFERENCES `mst_tourpackages` (`tourpackages_id`) ON DELETE CASCADE ON UPDATE CASCADE,
  CONSTRAINT `mst_tourpackages_destination_ibfk_2` FOREIGN KEY (`tourpackagesdest_destination_id`) REFERENCES `mst_destination` (`destination_id`) ON DELETE CASCADE ON UPDATE CASCADE
) ENGINE=InnoDB DEFAULT CHARSET=latin1;

/*Data for the table `mst_tourpackages_destination` */

insert  into `mst_tourpackages_destination`(`tourpackagesdest_tourpackages_id`,`tourpackagesdest_destination_id`,`tourpackagesdest_day`,`tourpackagesdest_order`) values (6,16,1,1),(5,1,1,1),(5,16,1,2);

/*Table structure for table `mst_tourpackages_img` */

DROP TABLE IF EXISTS `mst_tourpackages_img`;

CREATE TABLE `mst_tourpackages_img` (
  `tourpackagesimg_tourpackages_id` int(11) DEFAULT NULL,
  `tourpackagesimg_order` int(11) DEFAULT NULL,
  `tourpackagesimg_img` text,
  KEY `destimg_destination_id` (`tourpackagesimg_tourpackages_id`)
) ENGINE=InnoDB DEFAULT CHARSET=latin1;

/*Data for the table `mst_tourpackages_img` */

insert  into `mst_tourpackages_img`(`tourpackagesimg_tourpackages_id`,`tourpackagesimg_order`,`tourpackagesimg_img`) values (6,1,'27743c3c5dadf41892b932f9973236cc.jpeg'),(6,2,NULL),(6,3,NULL),(6,4,NULL),(7,1,'1c7122f8de2d241408a7118277d5c6dc.jpeg'),(7,2,NULL),(7,3,NULL),(7,4,NULL),(8,1,'0cc855008da42bf39f6ebbe12f3140ab.jpeg'),(8,2,NULL),(8,3,NULL),(8,4,NULL),(5,1,'e3c6f484675ccc204d36db1ac86ff29f.jpeg'),(5,2,NULL),(5,3,NULL),(5,4,NULL);

/*Table structure for table `mst_tourpackages_price` */

DROP TABLE IF EXISTS `mst_tourpackages_price`;

CREATE TABLE `mst_tourpackages_price` (
  `tourpackagesprice_tourpackages_id` int(11) DEFAULT NULL,
  `tourpackagesprice_start` date DEFAULT NULL,
  `tourpackagesprice_end` date DEFAULT NULL,
  `tourpackagesprice_price_local` decimal(20,2) DEFAULT NULL COMMENT 'dalam rupiah / orang',
  `tourpackagesprice_price_foreign` decimal(20,2) DEFAULT NULL COMMENT 'dalam rupiah / orang',
  KEY `ticketprice_ticket_id` (`tourpackagesprice_tourpackages_id`)
) ENGINE=InnoDB DEFAULT CHARSET=latin1;

/*Data for the table `mst_tourpackages_price` */

insert  into `mst_tourpackages_price`(`tourpackagesprice_tourpackages_id`,`tourpackagesprice_start`,`tourpackagesprice_end`,`tourpackagesprice_price_local`,`tourpackagesprice_price_foreign`) values (6,'2019-10-30','2019-10-31','22.00','222.00'),(6,'2019-11-01','2019-11-08','2222.00','2222.00'),(5,'2019-11-24','2019-11-30','120000.00','200000.00');

/*Table structure for table `mst_tourpackages_testimony` */

DROP TABLE IF EXISTS `mst_tourpackages_testimony`;

CREATE TABLE `mst_tourpackages_testimony` (
  `tourpackagestesti_tourpackages_id` int(11) DEFAULT NULL,
  `tourpackagestesti_user_id` bigint(20) DEFAULT NULL,
  `tourpackagestesti_user_real_name` varchar(250) DEFAULT NULL,
  `tourpackagestesti_date` datetime DEFAULT NULL,
  `tourpackagestesti_testimony` text,
  `tourpackagestesti_rating` tinyint(1) DEFAULT NULL COMMENT '1,2,3,4,5 (bintang)',
  `tourpackagestesti_token` text,
  `tourpackagestesti_is_process` tinyint(1) DEFAULT '0' COMMENT '0=no,1=yes',
  `tourpackagestesti_is_publish` tinyint(1) DEFAULT '0' COMMENT '0=no,1=yes',
  `insert_user_id` bigint(20) DEFAULT NULL,
  `insert_datetime` datetime DEFAULT NULL,
  `update_user_id` bigint(20) DEFAULT NULL,
  `update_datetime` datetime DEFAULT NULL,
  KEY `tourpackagestesti_tourpackages_id` (`tourpackagestesti_tourpackages_id`),
  KEY `tourpackagestesti_user_id` (`tourpackagestesti_user_id`),
  CONSTRAINT `mst_tourpackages_testimony_ibfk_1` FOREIGN KEY (`tourpackagestesti_tourpackages_id`) REFERENCES `mst_tourpackages` (`tourpackages_id`) ON DELETE CASCADE ON UPDATE CASCADE,
  CONSTRAINT `mst_tourpackages_testimony_ibfk_2` FOREIGN KEY (`tourpackagestesti_user_id`) REFERENCES `core_user` (`user_id`) ON DELETE CASCADE ON UPDATE CASCADE
) ENGINE=InnoDB DEFAULT CHARSET=latin1;

/*Data for the table `mst_tourpackages_testimony` */

insert  into `mst_tourpackages_testimony`(`tourpackagestesti_tourpackages_id`,`tourpackagestesti_user_id`,`tourpackagestesti_user_real_name`,`tourpackagestesti_date`,`tourpackagestesti_testimony`,`tourpackagestesti_rating`,`tourpackagestesti_token`,`tourpackagestesti_is_process`,`tourpackagestesti_is_publish`,`insert_user_id`,`insert_datetime`,`update_user_id`,`update_datetime`) values (5,5,'Riyan Trisna Wibowo','2019-10-09 13:56:00',' Mantul Mantul  Mantul Mantul  Mantul Mantul  Mantul Mantul  Mantul Mantul  Mantul Mantul  Mantul Mantul  Mantul Mantul  Mantul Mantul  Mantul Mantul ',4,'12345678909876fghjkjhgfdfgh',1,1,5,'2019-10-09 13:56:31',5,'2019-10-09 19:45:11');

/*Table structure for table `mst_tourpackages_text` */

DROP TABLE IF EXISTS `mst_tourpackages_text`;

CREATE TABLE `mst_tourpackages_text` (
  `tourpackagestext_tourpackages_id` int(11) DEFAULT NULL,
  `tourpackagestext_lang` varchar(5) DEFAULT NULL,
  `tourpackagestext_name` varchar(250) DEFAULT NULL,
  `tourpackagestext_text` text,
  KEY `tourpackagestext_tourpackages_id` (`tourpackagestext_tourpackages_id`),
  KEY `tourpackagestext_lang` (`tourpackagestext_lang`),
  CONSTRAINT `mst_tourpackages_text_ibfk_1` FOREIGN KEY (`tourpackagestext_tourpackages_id`) REFERENCES `mst_tourpackages` (`tourpackages_id`) ON DELETE CASCADE ON UPDATE CASCADE
) ENGINE=InnoDB DEFAULT CHARSET=latin1;

/*Data for the table `mst_tourpackages_text` */

insert  into `mst_tourpackages_text`(`tourpackagestext_tourpackages_id`,`tourpackagestext_lang`,`tourpackagestext_name`,`tourpackagestext_text`) values (6,'en','Paket Wisata Candi','<p>Paket Wisata Candi<br></p>'),(6,'id','Paket Wisata Candi','<p>Paket Wisata Candi<br></p>'),(7,'en','Wisata Candi & Jogja','<p>Wisata Candi & Jogja<br></p>'),(7,'id','Wisata Candi & Jogja','<p>Wisata Candi & Jogja<br></p>'),(8,'en','Wisata Keliling Candi','<p>Wisata Keliling Candi<br></p>'),(8,'id','Wisata Keliling Candi','<p>Wisata Keliling Candi<br></p>'),(5,'en','Paket Cinta Budaya Borobudur','<p>Paket Cinta Budaya meba<br></p>'),(5,'id','Love the Heritage of Borobudur Package','<p>Paket Cinta Budaya membawa kita lebih mengenal Candi Borobudur secara lebih dekat, dikhususkan untuk pelajar mulai dari SD sampai dengan SMA sederajat. Pelajar diajak untuk menyaksikan pemutaran film tentang Candi Borobudur di Ruang Audio Visual. Pelajar juga diajak berkeliling Candi Borobudur menggunakan kereta taman. Diharapkan, pelajar dapat memahami secara langsung arti pentingnya pelestarian cagar budaya.</p><p><br></p><p>Paket ini termasuk :</p><p>1. Transportasi Mobil</p><p>2. Snack</p><p>3. Tiket masuk Candi Borobudur & Museum Borobudur</p><p>4. Tiket Audio Visual</p><p>5. Tiket kereta</p><p>6. Pemandu</p><p>7. Air Mineral</p>');

/*Table structure for table `mst_venue` */

DROP TABLE IF EXISTS `mst_venue`;

CREATE TABLE `mst_venue` (
  `venue_id` int(11) NOT NULL AUTO_INCREMENT,
  `venue_status` tinyint(1) DEFAULT NULL COMMENT '0=not active, 1=active',
  `insert_user_id` bigint(20) DEFAULT NULL,
  `insert_datetime` datetime DEFAULT NULL,
  `update_user_id` bigint(20) DEFAULT NULL,
  `update_datetime` datetime DEFAULT NULL,
  PRIMARY KEY (`venue_id`)
) ENGINE=InnoDB AUTO_INCREMENT=2 DEFAULT CHARSET=latin1;

/*Data for the table `mst_venue` */

insert  into `mst_venue`(`venue_id`,`venue_status`,`insert_user_id`,`insert_datetime`,`update_user_id`,`update_datetime`) values (1,1,5,'2019-09-23 21:30:46',5,'2019-09-23 21:30:55');

/*Table structure for table `mst_venue_img` */

DROP TABLE IF EXISTS `mst_venue_img`;

CREATE TABLE `mst_venue_img` (
  `venueimg_venue_id` int(11) DEFAULT NULL,
  `venueimg_order` int(11) DEFAULT NULL,
  `venueimg_img` text,
  KEY `destimg_destination_id` (`venueimg_venue_id`),
  CONSTRAINT `mst_venue_img_ibfk_1` FOREIGN KEY (`venueimg_venue_id`) REFERENCES `mst_venue` (`venue_id`) ON DELETE CASCADE ON UPDATE CASCADE
) ENGINE=InnoDB DEFAULT CHARSET=latin1;

/*Data for the table `mst_venue_img` */

insert  into `mst_venue_img`(`venueimg_venue_id`,`venueimg_order`,`venueimg_img`) values (1,1,'f0c5e5d30d56f627dedf938e53bcbbb0.png'),(1,2,NULL),(1,3,NULL),(1,4,NULL);

/*Table structure for table `mst_venue_text` */

DROP TABLE IF EXISTS `mst_venue_text`;

CREATE TABLE `mst_venue_text` (
  `venuetext_venue_id` int(11) DEFAULT NULL,
  `venuetext_lang` varchar(5) DEFAULT NULL,
  `venuetext_name` varchar(250) DEFAULT NULL,
  `venuetext_text` text,
  KEY `desttext_destination_id` (`venuetext_venue_id`),
  KEY `desttext_lang` (`venuetext_lang`),
  CONSTRAINT `mst_venue_text_ibfk_1` FOREIGN KEY (`venuetext_venue_id`) REFERENCES `mst_venue` (`venue_id`) ON DELETE CASCADE ON UPDATE CASCADE
) ENGINE=InnoDB DEFAULT CHARSET=latin1;

/*Data for the table `mst_venue_text` */

insert  into `mst_venue_text`(`venuetext_venue_id`,`venuetext_lang`,`venuetext_name`,`venuetext_text`) values (1,'en','Borobudur','<p>Borobudur Borobudur Borobudur<br></p>'),(1,'id','Borobudur','<p>Borobudur Borobudur Borobudur<br></p>');

/*Table structure for table `ref_destination_location` */

DROP TABLE IF EXISTS `ref_destination_location`;

CREATE TABLE `ref_destination_location` (
  `desloc_id` int(11) NOT NULL AUTO_INCREMENT,
  `desloc_name` varchar(250) DEFAULT NULL,
  `desloc_order` int(11) DEFAULT NULL,
  `desloc_is_show_home` tinyint(1) DEFAULT NULL COMMENT '0=no, 1=yes',
  `insert_user_id` bigint(20) DEFAULT NULL,
  `insert_datetime` datetime DEFAULT NULL,
  `update_user_id` bigint(20) DEFAULT NULL,
  `update_datetime` datetime DEFAULT NULL,
  PRIMARY KEY (`desloc_id`)
) ENGINE=InnoDB AUTO_INCREMENT=4 DEFAULT CHARSET=latin1;

/*Data for the table `ref_destination_location` */

insert  into `ref_destination_location`(`desloc_id`,`desloc_name`,`desloc_order`,`desloc_is_show_home`,`insert_user_id`,`insert_datetime`,`update_user_id`,`update_datetime`) values (1,'Joglosemar',1,1,1,'2019-11-03 20:30:29',5,'2019-11-20 23:58:14'),(2,'Malang',2,1,1,'2019-11-03 20:30:31',NULL,NULL),(3,'Jogja',3,1,1,'2019-11-03 20:30:33',5,'2019-11-03 22:58:13');

/*Table structure for table `ref_visitortype` */

DROP TABLE IF EXISTS `ref_visitortype`;

CREATE TABLE `ref_visitortype` (
  `visitortype_id` int(11) NOT NULL AUTO_INCREMENT,
  `insert_user_id` bigint(20) DEFAULT NULL,
  `insert_datetime` datetime DEFAULT NULL,
  `update_user_id` bigint(20) DEFAULT NULL,
  `update_datetime` datetime DEFAULT NULL,
  PRIMARY KEY (`visitortype_id`)
) ENGINE=InnoDB AUTO_INCREMENT=4 DEFAULT CHARSET=latin1;

/*Data for the table `ref_visitortype` */

insert  into `ref_visitortype`(`visitortype_id`,`insert_user_id`,`insert_datetime`,`update_user_id`,`update_datetime`) values (1,1,'2019-09-27 20:42:38',NULL,NULL),(2,1,'2019-09-27 20:44:09',NULL,NULL),(3,1,'2019-09-27 20:44:13',NULL,NULL);

/*Table structure for table `ref_visitortype_text` */

DROP TABLE IF EXISTS `ref_visitortype_text`;

CREATE TABLE `ref_visitortype_text` (
  `visitortypetext_visitortype_id` int(11) DEFAULT NULL,
  `visitortypetext_lang` varchar(5) DEFAULT NULL,
  `visitortypetext_name` varchar(250) DEFAULT NULL,
  KEY `persontypetext_persontype_id` (`visitortypetext_visitortype_id`),
  KEY `persontypetext_lang` (`visitortypetext_lang`),
  CONSTRAINT `ref_visitortype_text_ibfk_1` FOREIGN KEY (`visitortypetext_visitortype_id`) REFERENCES `ref_visitortype` (`visitortype_id`) ON DELETE CASCADE ON UPDATE CASCADE
) ENGINE=InnoDB DEFAULT CHARSET=latin1;

/*Data for the table `ref_visitortype_text` */

insert  into `ref_visitortype_text`(`visitortypetext_visitortype_id`,`visitortypetext_lang`,`visitortypetext_name`) values (1,'id','Dewasa'),(1,'en','Adult'),(2,'id','Anak'),(2,'en','Child'),(3,'id','Pelajar'),(3,'en','Student');

/*Table structure for table `trx_transaction` */

DROP TABLE IF EXISTS `trx_transaction`;

CREATE TABLE `trx_transaction` (
  `transaction_id` bigint(20) NOT NULL AUTO_INCREMENT,
  `transaction_code` varchar(50) DEFAULT NULL COMMENT 'PW.09102019.000001, T.09102019.000002, V.09102019.000003',
  `transaction_date` datetime DEFAULT NULL,
  `transaction_type` tinyint(1) DEFAULT NULL COMMENT '1=paket wisata, 2=tiket, 3=venue',
  `transaction_user_id` bigint(20) DEFAULT NULL,
  `transaction_user_real_name` varchar(250) DEFAULT NULL,
  `transaction_total` decimal(20,2) DEFAULT NULL,
  `transaction_midtrans_transaction_id` varchar(250) DEFAULT NULL,
  `transaction_midtrans_response` text,
  `transaction_status` tinyint(1) DEFAULT NULL COMMENT '1=waiting, 2=paid, 3=canceled, 4=expired',
  `transaction_desc` text,
  `insert_user_id` bigint(20) DEFAULT NULL,
  `insert_datetime` datetime DEFAULT NULL,
  `update_user_id` bigint(20) DEFAULT NULL,
  `update_datetime` datetime DEFAULT NULL,
  PRIMARY KEY (`transaction_id`),
  KEY `transaction_user_id` (`transaction_user_id`),
  CONSTRAINT `trx_transaction_ibfk_1` FOREIGN KEY (`transaction_user_id`) REFERENCES `core_user` (`user_id`) ON DELETE CASCADE ON UPDATE CASCADE
) ENGINE=InnoDB AUTO_INCREMENT=2 DEFAULT CHARSET=latin1;

/*Data for the table `trx_transaction` */

insert  into `trx_transaction`(`transaction_id`,`transaction_code`,`transaction_date`,`transaction_type`,`transaction_user_id`,`transaction_user_real_name`,`transaction_total`,`transaction_midtrans_transaction_id`,`transaction_midtrans_response`,`transaction_status`,`transaction_desc`,`insert_user_id`,`insert_datetime`,`update_user_id`,`update_datetime`) values (1,NULL,NULL,1,NULL,NULL,NULL,NULL,NULL,NULL,NULL,NULL,NULL,NULL,NULL);

/*Table structure for table `trx_transaction_tourpackages` */

DROP TABLE IF EXISTS `trx_transaction_tourpackages`;

CREATE TABLE `trx_transaction_tourpackages` (
  `transactiontourpackages_transaction_id` bigint(20) DEFAULT NULL,
  `transactiontourpackages_tourpackages_id` int(11) DEFAULT NULL,
  `transactiontourpackages_start` date DEFAULT NULL,
  `transactiontourpackages_total_persons` int(11) DEFAULT NULL,
  `transactiontourpackages_total_day` int(11) DEFAULT NULL COMMENT '3 hari',
  `transactiontourpackages_total_night` int(11) DEFAULT NULL COMMENT '2 malam',
  KEY `transactionvenue_transaction_id` (`transactiontourpackages_transaction_id`),
  KEY `transactionvenue_venue_id` (`transactiontourpackages_tourpackages_id`),
  CONSTRAINT `trx_transaction_tourpackages_ibfk_1` FOREIGN KEY (`transactiontourpackages_transaction_id`) REFERENCES `trx_transaction` (`transaction_id`) ON DELETE CASCADE ON UPDATE CASCADE,
  CONSTRAINT `trx_transaction_tourpackages_ibfk_2` FOREIGN KEY (`transactiontourpackages_tourpackages_id`) REFERENCES `mst_tourpackages` (`tourpackages_id`) ON DELETE CASCADE ON UPDATE CASCADE
) ENGINE=InnoDB DEFAULT CHARSET=latin1;

/*Data for the table `trx_transaction_tourpackages` */

/*Table structure for table `trx_transaction_venue` */

DROP TABLE IF EXISTS `trx_transaction_venue`;

CREATE TABLE `trx_transaction_venue` (
  `transactionvenue_transaction_id` bigint(20) DEFAULT NULL,
  `transactionvenue_venue_id` int(11) DEFAULT NULL,
  `transactionvenue_date` date DEFAULT NULL,
  KEY `transactionvenue_transaction_id` (`transactionvenue_transaction_id`),
  KEY `transactionvenue_venue_id` (`transactionvenue_venue_id`),
  CONSTRAINT `trx_transaction_venue_ibfk_1` FOREIGN KEY (`transactionvenue_transaction_id`) REFERENCES `trx_transaction` (`transaction_id`) ON DELETE CASCADE ON UPDATE CASCADE,
  CONSTRAINT `trx_transaction_venue_ibfk_2` FOREIGN KEY (`transactionvenue_venue_id`) REFERENCES `mst_venue` (`venue_id`) ON DELETE CASCADE ON UPDATE CASCADE
) ENGINE=InnoDB DEFAULT CHARSET=latin1;

/*Data for the table `trx_transaction_venue` */

/*!40101 SET SQL_MODE=@OLD_SQL_MODE */;
/*!40014 SET FOREIGN_KEY_CHECKS=@OLD_FOREIGN_KEY_CHECKS */;
/*!40014 SET UNIQUE_CHECKS=@OLD_UNIQUE_CHECKS */;
/*!40111 SET SQL_NOTES=@OLD_SQL_NOTES */;
